event_date,date,relative_day,pm25_ugm3,high_pm25_day
2018-05-05,2018-05-05,0,22.92,True
2018-05-05,2018-05-09,4,10.81444,False
2018-05-05,2018-05-11,6,9.5191,False
2018-05-05,2018-05-12,7,5.48208,False
2018-05-06,2018-05-06,0,11.69507,True
2018-05-06,2018-05-09,3,10.81444,False
2018-05-06,2018-05-11,5,9.5191,False
2018-05-06,2018-05-12,6,5.48208,False
2018-05-06,2018-05-13,7,3.69854,False
2018-05-07,2018-05-07,0,11.63799,True
2018-05-07,2018-05-09,2,10.81444,False
2018-05-07,2018-05-11,4,9.5191,False
2018-05-07,2018-05-12,5,5.48208,False
2018-05-07,2018-05-13,6,3.69854,False
2018-05-07,2018-05-14,7,6.29313,False
2018-05-08,2018-05-08,0,11.26674,True
2018-05-08,2018-05-09,1,10.81444,False
2018-05-08,2018-05-11,3,9.5191,False
2018-05-08,2018-05-12,4,5.48208,False
2018-05-08,2018-05-13,5,3.69854,False
2018-05-08,2018-05-14,6,6.29313,False
2018-05-08,2018-05-15,7,5.91118,False
2018-05-10,2018-05-09,-1,10.81444,False
2018-05-10,2018-05-10,0,14.56069,True
2018-05-10,2018-05-11,1,9.5191,False
2018-05-10,2018-05-12,2,5.48208,False
2018-05-10,2018-05-13,3,3.69854,False
2018-05-10,2018-05-14,4,6.29313,False
2018-05-10,2018-05-15,5,5.91118,False
2018-05-10,2018-05-16,6,5.76389,False
2018-05-10,2018-05-17,7,7.36174,False
2018-08-26,2018-08-26,0,12.2852,True
2018-08-26,2018-08-29,3,7.07964,False
2018-08-26,2018-08-30,4,6.85713,False
2018-08-26,2018-08-31,5,9.5358,False
2018-08-26,2018-09-02,7,7.47152,False
2018-08-27,2018-08-27,0,17.72311,True
2018-08-27,2018-08-29,2,7.07964,False
2018-08-27,2018-08-30,3,6.85713,False
2018-08-27,2018-08-31,4,9.5358,False
2018-08-27,2018-09-02,6,7.47152,False
2018-08-27,2018-09-03,7,6.62398,False
2018-08-28,2018-08-28,0,12.54583,True
2018-08-28,2018-08-29,1,7.07964,False
2018-08-28,2018-08-30,2,6.85713,False
2018-08-28,2018-08-31,3,9.5358,False
2018-08-28,2018-09-02,5,7.47152,False
2018-08-28,2018-09-03,6,6.62398,False
2018-08-28,2018-09-04,7,2.57141,False
2018-09-01,2018-08-29,-3,7.07964,False
2018-09-01,2018-08-30,-2,6.85713,False
2018-09-01,2018-08-31,-1,9.5358,False
2018-09-01,2018-09-01,0,11.35132,True
2018-09-01,2018-09-02,1,7.47152,False
2018-09-01,2018-09-03,2,6.62398,False
2018-09-01,2018-09-04,3,2.57141,False
2018-09-01,2018-09-05,4,1.11626,False
2018-09-01,2018-09-06,5,2.22401,False
2018-09-01,2018-09-07,6,2.51487,False
2018-09-01,2018-09-08,7,1.68078,False
2018-10-20,2018-10-13,-7,3.5683,False
2018-10-20,2018-10-14,-6,7.04718,False
2018-10-20,2018-10-15,-5,5.44483,False
2018-10-20,2018-10-16,-4,7.37653,False
2018-10-20,2018-10-17,-3,4.2546,False
2018-10-20,2018-10-18,-2,7.07952,False
2018-10-20,2018-10-19,-1,6.4287,False
2018-10-20,2018-10-20,0,11.43843,True
2018-10-20,2018-10-21,1,7.88943,False
2018-10-20,2018-10-22,2,8.67248,False
2018-10-20,2018-10-23,3,8.15682,False
2018-10-20,2018-10-24,4,6.31072,False
2018-10-20,2018-10-25,5,5.54241,False
2018-10-20,2018-10-26,6,8.12428,False
2018-10-20,2018-10-27,7,7.70761,False
2018-11-04,2018-10-28,-7,4.08014,False
2018-11-04,2018-10-29,-6,4.58897,False
2018-11-04,2018-10-30,-5,4.51737,False
2018-11-04,2018-10-31,-4,3.4842,False
2018-11-04,2018-11-01,-3,5.51275,False
2018-11-04,2018-11-02,-2,6.60512,False
2018-11-04,2018-11-03,-1,9.13535,False
2018-11-04,2018-11-04,0,11.46204,True
2018-11-04,2018-11-05,1,9.41541,False
2018-11-04,2018-11-06,2,9.42945,False
2018-11-04,2018-11-07,3,8.69876,False
2018-11-04,2018-11-08,4,6.98362,False
2018-11-04,2018-11-09,5,6.62324,False
2018-11-04,2018-11-10,6,8.26897,False
2018-11-04,2018-11-11,7,7.30102,False
2019-01-30,2019-01-26,-4,4.45751,False
2019-01-30,2019-01-27,-3,4.03837,False
2019-01-30,2019-01-28,-2,3.18842,False
2019-01-30,2019-01-29,-1,5.71477,False
2019-01-30,2019-01-30,0,14.18899,True
2019-01-30,2019-02-01,2,11.13883,False
2019-01-30,2019-02-02,3,7.11743,False
2019-01-30,2019-02-03,4,5.47237,False
2019-01-30,2019-02-04,5,9.65014,False
2019-01-30,2019-02-05,6,8.74224,False
2019-01-30,2019-02-06,7,6.88834,False
2019-01-31,2019-01-26,-5,4.45751,False
2019-01-31,2019-01-27,-4,4.03837,False
2019-01-31,2019-01-28,-3,3.18842,False
2019-01-31,2019-01-29,-2,5.71477,False
2019-01-31,2019-01-31,0,14.98189,True
2019-01-31,2019-02-01,1,11.13883,False
2019-01-31,2019-02-02,2,7.11743,False
2019-01-31,2019-02-03,3,5.47237,False
2019-01-31,2019-02-04,4,9.65014,False
2019-01-31,2019-02-05,5,8.74224,False
2019-01-31,2019-02-06,6,6.88834,False
2019-01-31,2019-02-07,7,3.09922,False
2019-06-03,2019-05-30,-4,7.49375,False
2019-06-03,2019-05-31,-3,4.91528,False
2019-06-03,2019-06-01,-2,6.12431,False
2019-06-03,2019-06-02,-1,6.11528,False
2019-06-03,2019-06-03,0,13.67778,True
2019-06-03,2019-06-04,1,7.90694,False
2019-06-03,2019-06-05,2,6.78056,False
2019-06-03,2019-06-06,3,4.85903,False
2019-06-03,2019-06-07,4,6.70903,False
2019-06-03,2019-06-10,7,8.56042,False
2019-06-08,2019-06-01,-7,6.12431,False
2019-06-08,2019-06-02,-6,6.11528,False
2019-06-08,2019-06-04,-4,7.90694,False
2019-06-08,2019-06-05,-3,6.78056,False
2019-06-08,2019-06-06,-2,4.85903,False
2019-06-08,2019-06-07,-1,6.70903,False
2019-06-08,2019-06-08,0,13.37153,True
2019-06-08,2019-06-10,2,8.56042,False
2019-06-08,2019-06-11,3,9.56389,False
2019-06-08,2019-06-15,7,5.8,False
2019-06-09,2019-06-02,-7,6.11528,False
2019-06-09,2019-06-04,-5,7.90694,False
2019-06-09,2019-06-05,-4,6.78056,False
2019-06-09,2019-06-06,-3,4.85903,False
2019-06-09,2019-06-07,-2,6.70903,False
2019-06-09,2019-06-09,0,12.06875,True
2019-06-09,2019-06-10,1,8.56042,False
2019-06-09,2019-06-11,2,9.56389,False
2019-06-09,2019-06-15,6,5.8,False
2019-06-09,2019-06-16,7,6.82847,False
2019-06-12,2019-06-05,-7,6.78056,False
2019-06-12,2019-06-06,-6,4.85903,False
2019-06-12,2019-06-07,-5,6.70903,False
2019-06-12,2019-06-10,-2,8.56042,False
2019-06-12,2019-06-11,-1,9.56389,False
2019-06-12,2019-06-12,0,11.89097,True
2019-06-12,2019-06-15,3,5.8,False
2019-06-12,2019-06-16,4,6.82847,False
2019-06-12,2019-06-17,5,8.61667,False
2019-06-13,2019-06-06,-7,4.85903,False
2019-06-13,2019-06-07,-6,6.70903,False
2019-06-13,2019-06-10,-3,8.56042,False
2019-06-13,2019-06-11,-2,9.56389,False
2019-06-13,2019-06-13,0,16.16667,True
2019-06-13,2019-06-15,2,5.8,False
2019-06-13,2019-06-16,3,6.82847,False
2019-06-13,2019-06-17,4,8.61667,False
2019-06-14,2019-06-07,-7,6.70903,False
2019-06-14,2019-06-10,-4,8.56042,False
2019-06-14,2019-06-11,-3,9.56389,False
2019-06-14,2019-06-14,0,13.68403,True
2019-06-14,2019-06-15,1,5.8,False
2019-06-14,2019-06-16,2,6.82847,False
2019-06-14,2019-06-17,3,8.61667,False
2019-06-18,2019-06-11,-7,9.56389,False
2019-06-18,2019-06-15,-3,5.8,False
2019-06-18,2019-06-16,-2,6.82847,False
2019-06-18,2019-06-17,-1,8.61667,False
2019-06-18,2019-06-18,0,15.27982,True
2019-06-18,2019-06-24,6,4.95903,False
2019-06-18,2019-06-25,7,9.11667,False
2019-06-21,2019-06-15,-6,5.8,False
2019-06-21,2019-06-16,-5,6.82847,False
2019-06-21,2019-06-17,-4,8.61667,False
2019-06-21,2019-06-21,0,11.29028,True
2019-06-21,2019-06-24,3,4.95903,False
2019-06-21,2019-06-25,4,9.11667,False
2019-06-22,2019-06-15,-7,5.8,False
2019-06-22,2019-06-16,-6,6.82847,False
2019-06-22,2019-06-17,-5,8.61667,False
2019-06-22,2019-06-22,0,18.75486,True
2019-06-22,2019-06-24,2,4.95903,False
2019-06-22,2019-06-25,3,9.11667,False
2019-06-23,2019-06-16,-7,6.82847,False
2019-06-23,2019-06-17,-6,8.61667,False
2019-06-23,2019-06-23,0,12.02014,True
2019-06-23,2019-06-24,1,4.95903,False
2019-06-23,2019-06-25,2,9.11667,False
2019-06-26,2019-06-24,-2,4.95903,False
2019-06-26,2019-06-25,-1,9.11667,False
2019-06-26,2019-06-26,0,21.39931,True
2019-06-26,2019-07-02,6,5.39097,False
2019-06-26,2019-07-03,7,4.92431,False
2019-06-29,2019-06-24,-5,4.95903,False
2019-06-29,2019-06-25,-4,9.11667,False
2019-06-29,2019-06-29,0,24.42708,True
2019-06-29,2019-07-02,3,5.39097,False
2019-06-29,2019-07-03,4,4.92431,False
2019-06-29,2019-07-04,5,2.63264,False
2019-06-29,2019-07-05,6,2.92431,False
2019-06-30,2019-06-24,-6,4.95903,False
2019-06-30,2019-06-25,-5,9.11667,False
2019-06-30,2019-06-30,0,21.25903,True
2019-06-30,2019-07-02,2,5.39097,False
2019-06-30,2019-07-03,3,4.92431,False
2019-06-30,2019-07-04,4,2.63264,False
2019-06-30,2019-07-05,5,2.92431,False
2019-07-01,2019-06-24,-7,4.95903,False
2019-07-01,2019-06-25,-6,9.11667,False
2019-07-01,2019-07-01,0,11.81667,True
2019-07-01,2019-07-02,1,5.39097,False
2019-07-01,2019-07-03,2,4.92431,False
2019-07-01,2019-07-04,3,2.63264,False
2019-07-01,2019-07-05,4,2.92431,False
2019-07-01,2019-07-08,7,8.13819,False
2019-07-06,2019-07-02,-4,5.39097,False
2019-07-06,2019-07-03,-3,4.92431,False
2019-07-06,2019-07-04,-2,2.63264,False
2019-07-06,2019-07-05,-1,2.92431,False
2019-07-06,2019-07-06,0,15.76528,True
2019-07-06,2019-07-08,2,8.13819,False
2019-07-06,2019-07-09,3,9.16806,False
2019-07-06,2019-07-10,4,8.45208,False
2019-07-06,2019-07-11,5,9.61944,False
2019-07-06,2019-07-12,6,8.9875,False
2019-07-06,2019-07-13,7,9.47431,False
2019-07-07,2019-07-02,-5,5.39097,False
2019-07-07,2019-07-03,-4,4.92431,False
2019-07-07,2019-07-04,-3,2.63264,False
2019-07-07,2019-07-05,-2,2.92431,False
2019-07-07,2019-07-07,0,18.81389,True
2019-07-07,2019-07-08,1,8.13819,False
2019-07-07,2019-07-09,2,9.16806,False
2019-07-07,2019-07-10,3,8.45208,False
2019-07-07,2019-07-11,4,9.61944,False
2019-07-07,2019-07-12,5,8.9875,False
2019-07-07,2019-07-13,6,9.47431,False
2019-07-07,2019-07-14,7,6.51528,False
2019-07-21,2019-07-14,-7,6.51528,False
2019-07-21,2019-07-15,-6,6.10625,False
2019-07-21,2019-07-16,-5,6.58264,False
2019-07-21,2019-07-17,-4,8.21875,False
2019-07-21,2019-07-18,-3,7.18125,False
2019-07-21,2019-07-19,-2,6.96389,False
2019-07-21,2019-07-20,-1,7.14167,False
2019-07-21,2019-07-21,0,13.56806,True
2019-07-21,2019-07-25,4,8.25347,False
2019-07-21,2019-07-26,5,5.63819,False
2019-07-21,2019-07-27,6,9.35347,False
2019-07-22,2019-07-15,-7,6.10625,False
2019-07-22,2019-07-16,-6,6.58264,False
2019-07-22,2019-07-17,-5,8.21875,False
2019-07-22,2019-07-18,-4,7.18125,False
2019-07-22,2019-07-19,-3,6.96389,False
2019-07-22,2019-07-20,-2,7.14167,False
2019-07-22,2019-07-22,0,18.33681,True
2019-07-22,2019-07-25,3,8.25347,False
2019-07-22,2019-07-26,4,5.63819,False
2019-07-22,2019-07-27,5,9.35347,False
2019-07-23,2019-07-16,-7,6.58264,False
2019-07-23,2019-07-17,-6,8.21875,False
2019-07-23,2019-07-18,-5,7.18125,False
2019-07-23,2019-07-19,-4,6.96389,False
2019-07-23,2019-07-20,-3,7.14167,False
2019-07-23,2019-07-23,0,14.91458,True
2019-07-23,2019-07-25,2,8.25347,False
2019-07-23,2019-07-26,3,5.63819,False
2019-07-23,2019-07-27,4,9.35347,False
2019-07-23,2019-07-30,7,7.96597,False
2019-07-24,2019-07-17,-7,8.21875,False
2019-07-24,2019-07-18,-6,7.18125,False
2019-07-24,2019-07-19,-5,6.96389,False
2019-07-24,2019-07-20,-4,7.14167,False
2019-07-24,2019-07-24,0,19.47778,True
2019-07-24,2019-07-25,1,8.25347,False
2019-07-24,2019-07-26,2,5.63819,False
2019-07-24,2019-07-27,3,9.35347,False
2019-07-24,2019-07-30,6,7.96597,False
2019-07-24,2019-07-31,7,7.55556,False
2019-07-28,2019-07-25,-3,8.25347,False
2019-07-28,2019-07-26,-2,5.63819,False
2019-07-28,2019-07-27,-1,9.35347,False
2019-07-28,2019-07-28,0,12.76944,True
2019-07-28,2019-07-30,2,7.96597,False
2019-07-28,2019-07-31,3,7.55556,False
2019-07-28,2019-08-01,4,9.28333,False
2019-07-28,2019-08-02,5,7.69306,False
2019-07-28,2019-08-03,6,9.50486,False
2019-07-28,2019-08-04,7,6.40486,False
2019-07-29,2019-07-25,-4,8.25347,False
2019-07-29,2019-07-26,-3,5.63819,False
2019-07-29,2019-07-27,-2,9.35347,False
2019-07-29,2019-07-29,0,12.9,True
2019-07-29,2019-07-30,1,7.96597,False
2019-07-29,2019-07-31,2,7.55556,False
2019-07-29,2019-08-01,3,9.28333,False
2019-07-29,2019-08-02,4,7.69306,False
2019-07-29,2019-08-03,5,9.50486,False
2019-07-29,2019-08-04,6,6.40486,False
2019-07-29,2019-08-05,7,6.94931,False
2019-10-25,2019-10-18,-7,5.65903,False
2019-10-25,2019-10-19,-6,7.39236,False
2019-10-25,2019-10-20,-5,5.90347,False
2019-10-25,2019-10-21,-4,6.47153,False
2019-10-25,2019-10-22,-3,5.95069,False
2019-10-25,2019-10-23,-2,5.14514,False
2019-10-25,2019-10-24,-1,8.67083,False
2019-10-25,2019-10-25,0,11.29931,True
2019-10-25,2019-10-26,1,9.77708,False
2019-10-25,2019-10-27,2,6.03264,False
2019-10-25,2019-10-28,3,5.36458,False
2019-10-25,2019-10-29,4,5.72569,False
2019-10-25,2019-10-30,5,6.46111,False
2019-10-25,2019-10-31,6,9.76389,False
2019-10-25,2019-11-01,7,8.83333,False
2019-11-05,2019-10-29,-7,5.72569,False
2019-11-05,2019-10-30,-6,6.46111,False
2019-11-05,2019-10-31,-5,9.76389,False
2019-11-05,2019-11-01,-4,8.83333,False
2019-11-05,2019-11-02,-3,8.81319,False
2019-11-05,2019-11-03,-2,9.29583,False
2019-11-05,2019-11-04,-1,7.22847,False
2019-11-05,2019-11-05,0,14.88194,True
2019-11-05,2019-11-07,2,8.12431,False
2019-11-05,2019-11-08,3,8.37778,False
2019-11-05,2019-11-09,4,7.64306,False
2019-11-05,2019-11-10,5,3.27639,False
2019-11-05,2019-11-11,6,9.00278,False
2019-11-05,2019-11-12,7,5.13125,False
2019-11-06,2019-10-30,-7,6.46111,False
2019-11-06,2019-10-31,-6,9.76389,False
2019-11-06,2019-11-01,-5,8.83333,False
2019-11-06,2019-11-02,-4,8.81319,False
2019-11-06,2019-11-03,-3,9.29583,False
2019-11-06,2019-11-04,-2,7.22847,False
2019-11-06,2019-11-06,0,13.5125,True
2019-11-06,2019-11-07,1,8.12431,False
2019-11-06,2019-11-08,2,8.37778,False
2019-11-06,2019-11-09,3,7.64306,False
2019-11-06,2019-11-10,4,3.27639,False
2019-11-06,2019-11-11,5,9.00278,False
2019-11-06,2019-11-12,6,5.13125,False
2019-11-06,2019-11-13,7,5.68125,False
2019-11-26,2019-11-19,-7,4.90972,False
2019-11-26,2019-11-20,-6,5.91597,False
2019-11-26,2019-11-21,-5,6.38264,False
2019-11-26,2019-11-22,-4,7.55,False
2019-11-26,2019-11-23,-3,9.03681,False
2019-11-26,2019-11-24,-2,8.63056,False
2019-11-26,2019-11-25,-1,10.24167,False
2019-11-26,2019-11-26,0,11.33125,True
2019-11-26,2019-11-27,1,11.13819,False
2019-11-26,2019-11-30,4,10.06597,False
2019-11-26,2019-12-01,5,4.94653,False
2019-11-26,2019-12-02,6,4.91042,False
2019-11-26,2019-12-03,7,9.34444,False
2019-11-28,2019-11-21,-7,6.38264,False
2019-11-28,2019-11-22,-6,7.55,False
2019-11-28,2019-11-23,-5,9.03681,False
2019-11-28,2019-11-24,-4,8.63056,False
2019-11-28,2019-11-25,-3,10.24167,False
2019-11-28,2019-11-27,-1,11.13819,False
2019-11-28,2019-11-28,0,14.59514,True
2019-11-28,2019-11-30,2,10.06597,False
2019-11-28,2019-12-01,3,4.94653,False
2019-11-28,2019-12-02,4,4.91042,False
2019-11-28,2019-12-03,5,9.34444,False
2019-11-29,2019-11-22,-7,7.55,False
2019-11-29,2019-11-23,-6,9.03681,False
2019-11-29,2019-11-24,-5,8.63056,False
2019-11-29,2019-11-25,-4,10.24167,False
2019-11-29,2019-11-27,-2,11.13819,False
2019-11-29,2019-11-29,0,11.29167,True
2019-11-29,2019-11-30,1,10.06597,False
2019-11-29,2019-12-01,2,4.94653,False
2019-11-29,2019-12-02,3,4.91042,False
2019-11-29,2019-12-03,4,9.34444,False
2019-12-04,2019-11-27,-7,11.13819,False
2019-12-04,2019-11-30,-4,10.06597,False
2019-12-04,2019-12-01,-3,4.94653,False
2019-12-04,2019-12-02,-2,4.91042,False
2019-12-04,2019-12-03,-1,9.34444,False
2019-12-04,2019-12-04,0,11.28542,True
2019-12-04,2019-12-08,4,5.78194,False
2019-12-04,2019-12-09,5,7.99583,False
2019-12-04,2019-12-10,6,3.42639,False
2019-12-04,2019-12-11,7,4.59306,False
2019-12-05,2019-11-30,-5,10.06597,False
2019-12-05,2019-12-01,-4,4.94653,False
2019-12-05,2019-12-02,-3,4.91042,False
2019-12-05,2019-12-03,-2,9.34444,False
2019-12-05,2019-12-05,0,17.68611,True
2019-12-05,2019-12-08,3,5.78194,False
2019-12-05,2019-12-09,4,7.99583,False
2019-12-05,2019-12-10,5,3.42639,False
2019-12-05,2019-12-11,6,4.59306,False
2019-12-05,2019-12-12,7,5.76806,False
2019-12-06,2019-11-30,-6,10.06597,False
2019-12-06,2019-12-01,-5,4.94653,False
2019-12-06,2019-12-02,-4,4.91042,False
2019-12-06,2019-12-03,-3,9.34444,False
2019-12-06,2019-12-06,0,21.92014,True
2019-12-06,2019-12-08,2,5.78194,False
2019-12-06,2019-12-09,3,7.99583,False
2019-12-06,2019-12-10,4,3.42639,False
2019-12-06,2019-12-11,5,4.59306,False
2019-12-06,2019-12-12,6,5.76806,False
2019-12-06,2019-12-13,7,5.30972,False
2019-12-07,2019-11-30,-7,10.06597,False
2019-12-07,2019-12-01,-6,4.94653,False
2019-12-07,2019-12-02,-5,4.91042,False
2019-12-07,2019-12-03,-4,9.34444,False
2019-12-07,2019-12-07,0,14.96667,True
2019-12-07,2019-12-08,1,5.78194,False
2019-12-07,2019-12-09,2,7.99583,False
2019-12-07,2019-12-10,3,3.42639,False
2019-12-07,2019-12-11,4,4.59306,False
2019-12-07,2019-12-12,5,5.76806,False
2019-12-07,2019-12-13,6,5.30972,False
2019-12-07,2019-12-14,7,3.6,False
2020-01-03,2019-12-27,-7,5.13333,False
2020-01-03,2019-12-28,-6,7.56597,False
2020-01-03,2019-12-29,-5,7.92292,False
2020-01-03,2019-12-30,-4,9.17153,False
2020-01-03,2019-12-31,-3,10.31597,False
2020-01-03,2020-01-01,-2,8.12431,False
2020-01-03,2020-01-02,-1,6.15417,False
2020-01-03,2020-01-03,0,11.56736,True
2020-01-03,2020-01-04,1,10.35556,False
2020-01-03,2020-01-05,2,9.09375,False
2020-01-03,2020-01-07,4,8.74792,False
2020-01-03,2020-01-08,5,6.56111,False
2020-01-03,2020-01-09,6,6.42847,False
2020-01-03,2020-01-10,7,7.37639,False
2020-01-06,2019-12-30,-7,9.17153,False
2020-01-06,2019-12-31,-6,10.31597,False
2020-01-06,2020-01-01,-5,8.12431,False
2020-01-06,2020-01-02,-4,6.15417,False
2020-01-06,2020-01-04,-2,10.35556,False
2020-01-06,2020-01-05,-1,9.09375,False
2020-01-06,2020-01-06,0,11.93889,True
2020-01-06,2020-01-07,1,8.74792,False
2020-01-06,2020-01-08,2,6.56111,False
2020-01-06,2020-01-09,3,6.42847,False
2020-01-06,2020-01-10,4,7.37639,False
2020-01-06,2020-01-11,5,6.8,False
2020-01-06,2020-01-12,6,6.80208,False
2020-01-06,2020-01-13,7,6.77847,False
2020-02-01,2020-01-25,-7,5.70486,False
2020-02-01,2020-01-26,-6,5.21597,False
2020-02-01,2020-01-27,-5,5.33333,False
2020-02-01,2020-01-28,-4,4.58194,False
2020-02-01,2020-01-29,-3,4.69236,False
2020-02-01,2020-01-30,-2,5.48958,False
2020-02-01,2020-01-31,-1,5.27153,False
2020-02-01,2020-02-01,0,16.26042,True
2020-02-01,2020-02-02,1,6.54514,False
2020-02-01,2020-02-03,2,4.03194,False
2020-02-01,2020-02-04,3,5.08472,False
2020-02-01,2020-02-05,4,8.70903,False
2020-02-01,2020-02-06,5,6.22153,False
2020-02-01,2020-02-07,6,4.93194,False
2020-02-01,2020-02-08,7,6.03889,False
2020-04-21,2020-04-14,-7,6.19167,False
2020-04-21,2020-04-15,-6,5.9,False
2020-04-21,2020-04-16,-5,4.32986,False
2020-04-21,2020-04-17,-4,6.99306,False
2020-04-21,2020-04-18,-3,7.80903,False
2020-04-21,2020-04-19,-2,7.43056,False
2020-04-21,2020-04-20,-1,5.64722,False
2020-04-21,2020-04-21,0,16.80694,True
2020-04-21,2020-04-24,3,7.52153,False
2020-04-21,2020-04-25,4,7.11458,False
2020-04-21,2020-04-26,5,10.37569,False
2020-04-22,2020-04-15,-7,5.9,False
2020-04-22,2020-04-16,-6,4.32986,False
2020-04-22,2020-04-17,-5,6.99306,False
2020-04-22,2020-04-18,-4,7.80903,False
2020-04-22,2020-04-19,-3,7.43056,False
2020-04-22,2020-04-20,-2,5.64722,False
2020-04-22,2020-04-22,0,18.16875,True
2020-04-22,2020-04-24,2,7.52153,False
2020-04-22,2020-04-25,3,7.11458,False
2020-04-22,2020-04-26,4,10.37569,False
2020-04-23,2020-04-16,-7,4.32986,False
2020-04-23,2020-04-17,-6,6.99306,False
2020-04-23,2020-04-18,-5,7.80903,False
2020-04-23,2020-04-19,-4,7.43056,False
2020-04-23,2020-04-20,-3,5.64722,False
2020-04-23,2020-04-23,0,17.3375,True
2020-04-23,2020-04-24,1,7.52153,False
2020-04-23,2020-04-25,2,7.11458,False
2020-04-23,2020-04-26,3,10.37569,False
2020-04-27,2020-04-20,-7,5.64722,False
2020-04-27,2020-04-24,-3,7.52153,False
2020-04-27,2020-04-25,-2,7.11458,False
2020-04-27,2020-04-26,-1,10.37569,False
2020-04-27,2020-04-27,0,12.46875,True
2020-04-27,2020-05-02,5,11.01597,False
2020-04-27,2020-05-03,6,5.42153,False
2020-04-27,2020-05-04,7,4.62153,False
2020-04-28,2020-04-24,-4,7.52153,False
2020-04-28,2020-04-25,-3,7.11458,False
2020-04-28,2020-04-26,-2,10.37569,False
2020-04-28,2020-04-28,0,11.63958,True
2020-04-28,2020-05-02,4,11.01597,False
2020-04-28,2020-05-03,5,5.42153,False
2020-04-28,2020-05-04,6,4.62153,False
2020-04-28,2020-05-05,7,5.98819,False
2020-04-29,2020-04-24,-5,7.52153,False
2020-04-29,2020-04-25,-4,7.11458,False
2020-04-29,2020-04-26,-3,10.37569,False
2020-04-29,2020-04-29,0,15.89792,True
2020-04-29,2020-05-02,3,11.01597,False
2020-04-29,2020-05-03,4,5.42153,False
2020-04-29,2020-05-04,5,4.62153,False
2020-04-29,2020-05-05,6,5.98819,False
2020-04-29,2020-05-06,7,8.7,False
2020-04-30,2020-04-24,-6,7.52153,False
2020-04-30,2020-04-25,-5,7.11458,False
2020-04-30,2020-04-26,-4,10.37569,False
2020-04-30,2020-04-30,0,16.23611,True
2020-04-30,2020-05-02,2,11.01597,False
2020-04-30,2020-05-03,3,5.42153,False
2020-04-30,2020-05-04,4,4.62153,False
2020-04-30,2020-05-05,5,5.98819,False
2020-04-30,2020-05-06,6,8.7,False
2020-05-01,2020-04-24,-7,7.52153,False
2020-05-01,2020-04-25,-6,7.11458,False
2020-05-01,2020-04-26,-5,10.37569,False
2020-05-01,2020-05-01,0,17.53403,True
2020-05-01,2020-05-02,1,11.01597,False
2020-05-01,2020-05-03,2,5.42153,False
2020-05-01,2020-05-04,3,4.62153,False
2020-05-01,2020-05-05,4,5.98819,False
2020-05-01,2020-05-06,5,8.7,False
2020-05-07,2020-05-02,-5,11.01597,False
2020-05-07,2020-05-03,-4,5.42153,False
2020-05-07,2020-05-04,-3,4.62153,False
2020-05-07,2020-05-05,-2,5.98819,False
2020-05-07,2020-05-06,-1,8.7,False
2020-05-07,2020-05-07,0,16.29306,True
2020-05-07,2020-05-12,5,9.64028,False
2020-05-07,2020-05-13,6,5.62986,False
2020-05-07,2020-05-14,7,10.73611,False
2020-05-08,2020-05-02,-6,11.01597,False
2020-05-08,2020-05-03,-5,5.42153,False
2020-05-08,2020-05-04,-4,4.62153,False
2020-05-08,2020-05-05,-3,5.98819,False
2020-05-08,2020-05-06,-2,8.7,False
2020-05-08,2020-05-08,0,12.23889,True
2020-05-08,2020-05-12,4,9.64028,False
2020-05-08,2020-05-13,5,5.62986,False
2020-05-08,2020-05-14,6,10.73611,False
2020-05-08,2020-05-15,7,9.31458,False
2020-05-09,2020-05-02,-7,11.01597,False
2020-05-09,2020-05-03,-6,5.42153,False
2020-05-09,2020-05-04,-5,4.62153,False
2020-05-09,2020-05-05,-4,5.98819,False
2020-05-09,2020-05-06,-3,8.7,False
2020-05-09,2020-05-09,0,17.68056,True
2020-05-09,2020-05-12,3,9.64028,False
2020-05-09,2020-05-13,4,5.62986,False
2020-05-09,2020-05-14,5,10.73611,False
2020-05-09,2020-05-15,6,9.31458,False
2020-05-09,2020-05-16,7,7.96597,False
2020-05-10,2020-05-03,-7,5.42153,False
2020-05-10,2020-05-04,-6,4.62153,False
2020-05-10,2020-05-05,-5,5.98819,False
2020-05-10,2020-05-06,-4,8.7,False
2020-05-10,2020-05-10,0,11.54722,True
2020-05-10,2020-05-12,2,9.64028,False
2020-05-10,2020-05-13,3,5.62986,False
2020-05-10,2020-05-14,4,10.73611,False
2020-05-10,2020-05-15,5,9.31458,False
2020-05-10,2020-05-16,6,7.96597,False
2020-05-10,2020-05-17,7,8.45417,False
2020-05-11,2020-05-04,-7,4.62153,False
2020-05-11,2020-05-05,-6,5.98819,False
2020-05-11,2020-05-06,-5,8.7,False
2020-05-11,2020-05-11,0,12.17222,True
2020-05-11,2020-05-12,1,9.64028,False
2020-05-11,2020-05-13,2,5.62986,False
2020-05-11,2020-05-14,3,10.73611,False
2020-05-11,2020-05-15,4,9.31458,False
2020-05-11,2020-05-16,5,7.96597,False
2020-05-11,2020-05-17,6,8.45417,False
2020-05-11,2020-05-18,7,7.95833,False
2020-05-20,2020-05-13,-7,5.62986,False
2020-05-20,2020-05-14,-6,10.73611,False
2020-05-20,2020-05-15,-5,9.31458,False
2020-05-20,2020-05-16,-4,7.96597,False
2020-05-20,2020-05-17,-3,8.45417,False
2020-05-20,2020-05-18,-2,7.95833,False
2020-05-20,2020-05-19,-1,7.01181,False
2020-05-20,2020-05-20,0,16.59653,True
2020-05-20,2020-05-24,4,10.46111,False
2020-05-20,2020-05-25,5,4.31042,False
2020-05-20,2020-05-26,6,6.11389,False
2020-05-20,2020-05-27,7,7.79722,False
2020-05-21,2020-05-14,-7,10.73611,False
2020-05-21,2020-05-15,-6,9.31458,False
2020-05-21,2020-05-16,-5,7.96597,False
2020-05-21,2020-05-17,-4,8.45417,False
2020-05-21,2020-05-18,-3,7.95833,False
2020-05-21,2020-05-19,-2,7.01181,False
2020-05-21,2020-05-21,0,18.91111,True
2020-05-21,2020-05-24,3,10.46111,False
2020-05-21,2020-05-25,4,4.31042,False
2020-05-21,2020-05-26,5,6.11389,False
2020-05-21,2020-05-27,6,7.79722,False
2020-05-22,2020-05-15,-7,9.31458,False
2020-05-22,2020-05-16,-6,7.96597,False
2020-05-22,2020-05-17,-5,8.45417,False
2020-05-22,2020-05-18,-4,7.95833,False
2020-05-22,2020-05-19,-3,7.01181,False
2020-05-22,2020-05-22,0,15.83264,True
2020-05-22,2020-05-24,2,10.46111,False
2020-05-22,2020-05-25,3,4.31042,False
2020-05-22,2020-05-26,4,6.11389,False
2020-05-22,2020-05-27,5,7.79722,False
2020-05-23,2020-05-16,-7,7.96597,False
2020-05-23,2020-05-17,-6,8.45417,False
2020-05-23,2020-05-18,-5,7.95833,False
2020-05-23,2020-05-19,-4,7.01181,False
2020-05-23,2020-05-23,0,22.30972,True
2020-05-23,2020-05-24,1,10.46111,False
2020-05-23,2020-05-25,2,4.31042,False
2020-05-23,2020-05-26,3,6.11389,False
2020-05-23,2020-05-27,4,7.79722,False
2020-05-28,2020-05-24,-4,10.46111,False
2020-05-28,2020-05-25,-3,4.31042,False
2020-05-28,2020-05-26,-2,6.11389,False
2020-05-28,2020-05-27,-1,7.79722,False
2020-05-28,2020-05-28,0,19.86458,True
2020-05-28,2020-05-31,3,4.82431,False
2020-05-28,2020-06-01,4,1.88542,False
2020-05-28,2020-06-02,5,7.02569,False
2020-05-28,2020-06-03,6,5.22431,False
2020-05-28,2020-06-04,7,8.06111,False
2020-05-29,2020-05-24,-5,10.46111,False
2020-05-29,2020-05-25,-4,4.31042,False
2020-05-29,2020-05-26,-3,6.11389,False
2020-05-29,2020-05-27,-2,7.79722,False
2020-05-29,2020-05-29,0,19.40694,True
2020-05-29,2020-05-31,2,4.82431,False
2020-05-29,2020-06-01,3,1.88542,False
2020-05-29,2020-06-02,4,7.02569,False
2020-05-29,2020-06-03,5,5.22431,False
2020-05-29,2020-06-04,6,8.06111,False
2020-05-29,2020-06-05,7,5.54306,False
2020-05-30,2020-05-24,-6,10.46111,False
2020-05-30,2020-05-25,-5,4.31042,False
2020-05-30,2020-05-26,-4,6.11389,False
2020-05-30,2020-05-27,-3,7.79722,False
2020-05-30,2020-05-30,0,13.97569,True
2020-05-30,2020-05-31,1,4.82431,False
2020-05-30,2020-06-01,2,1.88542,False
2020-05-30,2020-06-02,3,7.02569,False
2020-05-30,2020-06-03,4,5.22431,False
2020-05-30,2020-06-04,5,8.06111,False
2020-05-30,2020-06-05,6,5.54306,False
2020-06-06,2020-05-31,-6,4.82431,False
2020-06-06,2020-06-01,-5,1.88542,False
2020-06-06,2020-06-02,-4,7.02569,False
2020-06-06,2020-06-03,-3,5.22431,False
2020-06-06,2020-06-04,-2,8.06111,False
2020-06-06,2020-06-05,-1,5.54306,False
2020-06-06,2020-06-06,0,13.11875,True
2020-06-06,2020-06-12,6,7.07083,False
2020-06-06,2020-06-13,7,9.11875,False
2020-06-07,2020-05-31,-7,4.82431,False
2020-06-07,2020-06-01,-6,1.88542,False
2020-06-07,2020-06-02,-5,7.02569,False
2020-06-07,2020-06-03,-4,5.22431,False
2020-06-07,2020-06-04,-3,8.06111,False
2020-06-07,2020-06-05,-2,5.54306,False
2020-06-07,2020-06-07,0,11.63819,True
2020-06-07,2020-06-12,5,7.07083,False
2020-06-07,2020-06-13,6,9.11875,False
2020-06-07,2020-06-14,7,9.92222,False
2020-06-08,2020-06-01,-7,1.88542,False
2020-06-08,2020-06-02,-6,7.02569,False
2020-06-08,2020-06-03,-5,5.22431,False
2020-06-08,2020-06-04,-4,8.06111,False
2020-06-08,2020-06-05,-3,5.54306,False
2020-06-08,2020-06-08,0,14.79861,True
2020-06-08,2020-06-12,4,7.07083,False
2020-06-08,2020-06-13,5,9.11875,False
2020-06-08,2020-06-14,6,9.92222,False
2020-06-09,2020-06-02,-7,7.02569,False
2020-06-09,2020-06-03,-6,5.22431,False
2020-06-09,2020-06-04,-5,8.06111,False
2020-06-09,2020-06-05,-4,5.54306,False
2020-06-09,2020-06-09,0,16.21944,True
2020-06-09,2020-06-12,3,7.07083,False
2020-06-09,2020-06-13,4,9.11875,False
2020-06-09,2020-06-14,5,9.92222,False
2020-06-10,2020-06-03,-7,5.22431,False
2020-06-10,2020-06-04,-6,8.06111,False
2020-06-10,2020-06-05,-5,5.54306,False
2020-06-10,2020-06-10,0,19.53472,True
2020-06-10,2020-06-12,2,7.07083,False
2020-06-10,2020-06-13,3,9.11875,False
2020-06-10,2020-06-14,4,9.92222,False
2020-06-11,2020-06-04,-7,8.06111,False
2020-06-11,2020-06-05,-6,5.54306,False
2020-06-11,2020-06-11,0,11.91597,True
2020-06-11,2020-06-12,1,7.07083,False
2020-06-11,2020-06-13,2,9.11875,False
2020-06-11,2020-06-14,3,9.92222,False
2020-06-11,2020-06-18,7,4.01875,False
2020-06-15,2020-06-12,-3,7.07083,False
2020-06-15,2020-06-13,-2,9.11875,False
2020-06-15,2020-06-14,-1,9.92222,False
2020-06-15,2020-06-15,0,12.20139,True
2020-06-15,2020-06-18,3,4.01875,False
2020-06-15,2020-06-20,5,9.39514,False
2020-06-15,2020-06-21,6,3.36111,False
2020-06-15,2020-06-22,7,3.92986,False
2020-06-16,2020-06-12,-4,7.07083,False
2020-06-16,2020-06-13,-3,9.11875,False
2020-06-16,2020-06-14,-2,9.92222,False
2020-06-16,2020-06-16,0,13.44722,True
2020-06-16,2020-06-18,2,4.01875,False
2020-06-16,2020-06-20,4,9.39514,False
2020-06-16,2020-06-21,5,3.36111,False
2020-06-16,2020-06-22,6,3.92986,False
2020-06-16,2020-06-23,7,5.9125,False
2020-06-17,2020-06-12,-5,7.07083,False
2020-06-17,2020-06-13,-4,9.11875,False
2020-06-17,2020-06-14,-3,9.92222,False
2020-06-17,2020-06-17,0,12.59167,True
2020-06-17,2020-06-18,1,4.01875,False
2020-06-17,2020-06-20,3,9.39514,False
2020-06-17,2020-06-21,4,3.36111,False
2020-06-17,2020-06-22,5,3.92986,False
2020-06-17,2020-06-23,6,5.9125,False
2020-06-17,2020-06-24,7,4.54028,False
2020-06-19,2020-06-12,-7,7.07083,False
2020-06-19,2020-06-13,-6,9.11875,False
2020-06-19,2020-06-14,-5,9.92222,False
2020-06-19,2020-06-18,-1,4.01875,False
2020-06-19,2020-06-19,0,14.71528,True
2020-06-19,2020-06-20,1,9.39514,False
2020-06-19,2020-06-21,2,3.36111,False
2020-06-19,2020-06-22,3,3.92986,False
2020-06-19,2020-06-23,4,5.9125,False
2020-06-19,2020-06-24,5,4.54028,False
2020-06-19,2020-06-25,6,2.24514,False
2020-06-19,2020-06-26,7,3.97986,False
2020-07-02,2020-06-25,-7,2.24514,False
2020-07-02,2020-06-26,-6,3.97986,False
2020-07-02,2020-06-27,-5,3.69236,False
2020-07-02,2020-06-28,-4,6.22639,False
2020-07-02,2020-06-29,-3,5.74722,False
2020-07-02,2020-06-30,-2,3.50764,False
2020-07-02,2020-07-01,-1,7.16042,False
2020-07-02,2020-07-02,0,11.65625,True
2020-07-02,2020-07-05,3,6.16458,False
2020-07-02,2020-07-06,4,7.85278,False
2020-07-02,2020-07-07,5,7.72847,False
2020-07-02,2020-07-08,6,5.26389,False
2020-07-03,2020-06-26,-7,3.97986,False
2020-07-03,2020-06-27,-6,3.69236,False
2020-07-03,2020-06-28,-5,6.22639,False
2020-07-03,2020-06-29,-4,5.74722,False
2020-07-03,2020-06-30,-3,3.50764,False
2020-07-03,2020-07-01,-2,7.16042,False
2020-07-03,2020-07-03,0,13.09236,True
2020-07-03,2020-07-05,2,6.16458,False
2020-07-03,2020-07-06,3,7.85278,False
2020-07-03,2020-07-07,4,7.72847,False
2020-07-03,2020-07-08,5,5.26389,False
2020-07-04,2020-06-27,-7,3.69236,False
2020-07-04,2020-06-28,-6,6.22639,False
2020-07-04,2020-06-29,-5,5.74722,False
2020-07-04,2020-06-30,-4,3.50764,False
2020-07-04,2020-07-01,-3,7.16042,False
2020-07-04,2020-07-04,0,12.04583,True
2020-07-04,2020-07-05,1,6.16458,False
2020-07-04,2020-07-06,2,7.85278,False
2020-07-04,2020-07-07,3,7.72847,False
2020-07-04,2020-07-08,4,5.26389,False
2020-07-09,2020-07-05,-4,6.16458,False
2020-07-09,2020-07-06,-3,7.85278,False
2020-07-09,2020-07-07,-2,7.72847,False
2020-07-09,2020-07-08,-1,5.26389,False
2020-07-09,2020-07-09,0,11.92083,True
2020-07-09,2020-07-12,3,10.28958,False
2020-07-09,2020-07-13,4,6.73681,False
2020-07-09,2020-07-14,5,8.01875,False
2020-07-09,2020-07-15,6,3.93056,False
2020-07-09,2020-07-16,7,1.65,False
2020-07-10,2020-07-05,-5,6.16458,False
2020-07-10,2020-07-06,-4,7.85278,False
2020-07-10,2020-07-07,-3,7.72847,False
2020-07-10,2020-07-08,-2,5.26389,False
2020-07-10,2020-07-10,0,30.23125,True
2020-07-10,2020-07-12,2,10.28958,False
2020-07-10,2020-07-13,3,6.73681,False
2020-07-10,2020-07-14,4,8.01875,False
2020-07-10,2020-07-15,5,3.93056,False
2020-07-10,2020-07-16,6,1.65,False
2020-07-10,2020-07-17,7,1.87639,False
2020-07-11,2020-07-05,-6,6.16458,False
2020-07-11,2020-07-06,-5,7.85278,False
2020-07-11,2020-07-07,-4,7.72847,False
2020-07-11,2020-07-08,-3,5.26389,False
2020-07-11,2020-07-11,0,19.14861,True
2020-07-11,2020-07-12,1,10.28958,False
2020-07-11,2020-07-13,2,6.73681,False
2020-07-11,2020-07-14,3,8.01875,False
2020-07-11,2020-07-15,4,3.93056,False
2020-07-11,2020-07-16,5,1.65,False
2020-07-11,2020-07-17,6,1.87639,False
2020-07-11,2020-07-18,7,6.08681,False
2020-07-26,2020-07-19,-7,5.10069,False
2020-07-26,2020-07-20,-6,3.39375,False
2020-07-26,2020-07-21,-5,5.6375,False
2020-07-26,2020-07-22,-4,6.66458,False
2020-07-26,2020-07-23,-3,7.46944,False
2020-07-26,2020-07-24,-2,8.58819,False
2020-07-26,2020-07-25,-1,9.50903,False
2020-07-26,2020-07-26,0,16.43681,True
2020-07-26,2020-07-28,2,10.20486,False
2020-07-26,2020-07-31,5,5.34028,False
2020-07-26,2020-08-01,6,4.32361,False
2020-07-26,2020-08-02,7,6.94514,False
2020-07-27,2020-07-20,-7,3.39375,False
2020-07-27,2020-07-21,-6,5.6375,False
2020-07-27,2020-07-22,-5,6.66458,False
2020-07-27,2020-07-23,-4,7.46944,False
2020-07-27,2020-07-24,-3,8.58819,False
2020-07-27,2020-07-25,-2,9.50903,False
2020-07-27,2020-07-27,0,15.01597,True
2020-07-27,2020-07-28,1,10.20486,False
2020-07-27,2020-07-31,4,5.34028,False
2020-07-27,2020-08-01,5,4.32361,False
2020-07-27,2020-08-02,6,6.94514,False
2020-07-27,2020-08-03,7,6.96875,False
2020-07-29,2020-07-22,-7,6.66458,False
2020-07-29,2020-07-23,-6,7.46944,False
2020-07-29,2020-07-24,-5,8.58819,False
2020-07-29,2020-07-25,-4,9.50903,False
2020-07-29,2020-07-28,-1,10.20486,False
2020-07-29,2020-07-29,0,11.72153,True
2020-07-29,2020-07-31,2,5.34028,False
2020-07-29,2020-08-01,3,4.32361,False
2020-07-29,2020-08-02,4,6.94514,False
2020-07-29,2020-08-03,5,6.96875,False
2020-07-30,2020-07-23,-7,7.46944,False
2020-07-30,2020-07-24,-6,8.58819,False
2020-07-30,2020-07-25,-5,9.50903,False
2020-07-30,2020-07-28,-2,10.20486,False
2020-07-30,2020-07-30,0,11.21042,True
2020-07-30,2020-07-31,1,5.34028,False
2020-07-30,2020-08-01,2,4.32361,False
2020-07-30,2020-08-02,3,6.94514,False
2020-07-30,2020-08-03,4,6.96875,False
2020-07-30,2020-08-06,7,10.70694,False
2020-08-04,2020-07-28,-7,10.20486,False
2020-08-04,2020-07-31,-4,5.34028,False
2020-08-04,2020-08-01,-3,4.32361,False
2020-08-04,2020-08-02,-2,6.94514,False
2020-08-04,2020-08-03,-1,6.96875,False
2020-08-04,2020-08-04,0,12.4,True
2020-08-04,2020-08-06,2,10.70694,False
2020-08-04,2020-08-07,3,4.55208,False
2020-08-04,2020-08-08,4,4.14028,False
2020-08-04,2020-08-10,6,9.46528,False
2020-08-04,2020-08-11,7,8.44444,False
2020-08-05,2020-07-31,-5,5.34028,False
2020-08-05,2020-08-01,-4,4.32361,False
2020-08-05,2020-08-02,-3,6.94514,False
2020-08-05,2020-08-03,-2,6.96875,False
2020-08-05,2020-08-05,0,20.70556,True
2020-08-05,2020-08-06,1,10.70694,False
2020-08-05,2020-08-07,2,4.55208,False
2020-08-05,2020-08-08,3,4.14028,False
2020-08-05,2020-08-10,5,9.46528,False
2020-08-05,2020-08-11,6,8.44444,False
2020-08-05,2020-08-12,7,5.11319,False
2020-08-09,2020-08-02,-7,6.94514,False
2020-08-09,2020-08-03,-6,6.96875,False
2020-08-09,2020-08-06,-3,10.70694,False
2020-08-09,2020-08-07,-2,4.55208,False
2020-08-09,2020-08-08,-1,4.14028,False
2020-08-09,2020-08-09,0,11.68958,True
2020-08-09,2020-08-10,1,9.46528,False
2020-08-09,2020-08-11,2,8.44444,False
2020-08-09,2020-08-12,3,5.11319,False
2020-08-09,2020-08-13,4,10.91389,False
2020-08-09,2020-08-14,5,3.89236,False
2020-08-09,2020-08-15,6,9.19167,False
2020-08-16,2020-08-10,-6,9.46528,False
2020-08-16,2020-08-11,-5,8.44444,False
2020-08-16,2020-08-12,-4,5.11319,False
2020-08-16,2020-08-13,-3,10.91389,False
2020-08-16,2020-08-14,-2,3.89236,False
2020-08-16,2020-08-15,-1,9.19167,False
2020-08-16,2020-08-16,0,15.06458,True
2020-08-16,2020-08-17,1,8.00139,False
2020-08-16,2020-08-18,2,4.91181,False
2020-08-16,2020-08-19,3,5.20347,False
2020-08-16,2020-08-20,4,7.75556,False
2020-08-16,2020-08-21,5,8.55278,False
2020-08-16,2020-08-22,6,8.30139,False
2020-08-16,2020-08-23,7,4.79514,False
2021-04-08,2021-04-01,-7,3.44514,False
2021-04-08,2021-04-02,-6,4.81319,False
2021-04-08,2021-04-03,-5,4.59583,False
2021-04-08,2021-04-04,-4,4.73403,False
2021-04-08,2021-04-05,-3,5.53681,False
2021-04-08,2021-04-06,-2,6.16597,False
2021-04-08,2021-04-07,-1,10.71597,False
2021-04-08,2021-04-08,0,11.87222,True
2021-04-08,2021-04-09,1,7.24653,False
2021-04-08,2021-04-10,2,4.79861,False
2021-04-08,2021-04-11,3,3.85417,False
2021-04-08,2021-04-12,4,5.80417,False
2021-04-08,2021-04-13,5,5.94167,False
2021-04-08,2021-04-14,6,4.33611,False
2021-04-08,2021-04-15,7,4.7,False
2021-05-02,2021-04-25,-7,6.60278,False
2021-05-02,2021-04-26,-6,6.09861,False
2021-05-02,2021-04-27,-5,6.14583,False
2021-05-02,2021-04-28,-4,8.21111,False
2021-05-02,2021-04-29,-3,6.51319,False
2021-05-02,2021-04-30,-2,8.35556,False
2021-05-02,2021-05-01,-1,4.6875,False
2021-05-02,2021-05-02,0,11.61944,True
2021-05-02,2021-05-05,3,10.93194,False
2021-05-02,2021-05-06,4,8.32222,False
2021-05-02,2021-05-07,5,7.68194,False
2021-05-02,2021-05-08,6,6.075,False
2021-05-02,2021-05-09,7,5.77292,False
2021-05-03,2021-04-26,-7,6.09861,False
2021-05-03,2021-04-27,-6,6.14583,False
2021-05-03,2021-04-28,-5,8.21111,False
2021-05-03,2021-04-29,-4,6.51319,False
2021-05-03,2021-04-30,-3,8.35556,False
2021-05-03,2021-05-01,-2,4.6875,False
2021-05-03,2021-05-03,0,15.58819,True
2021-05-03,2021-05-05,2,10.93194,False
2021-05-03,2021-05-06,3,8.32222,False
2021-05-03,2021-05-07,4,7.68194,False
2021-05-03,2021-05-08,5,6.075,False
2021-05-03,2021-05-09,6,5.77292,False
2021-05-03,2021-05-10,7,4.19514,False
2021-05-04,2021-04-27,-7,6.14583,False
2021-05-04,2021-04-28,-6,8.21111,False
2021-05-04,2021-04-29,-5,6.51319,False
2021-05-04,2021-04-30,-4,8.35556,False
2021-05-04,2021-05-01,-3,4.6875,False
2021-05-04,2021-05-04,0,14.53056,True
2021-05-04,2021-05-05,1,10.93194,False
2021-05-04,2021-05-06,2,8.32222,False
2021-05-04,2021-05-07,3,7.68194,False
2021-05-04,2021-05-08,4,6.075,False
2021-05-04,2021-05-09,5,5.77292,False
2021-05-04,2021-05-10,6,4.19514,False
2021-05-04,2021-05-11,7,4.6875,False
2021-05-14,2021-05-07,-7,7.68194,False
2021-05-14,2021-05-08,-6,6.075,False
2021-05-14,2021-05-09,-5,5.77292,False
2021-05-14,2021-05-10,-4,4.19514,False
2021-05-14,2021-05-11,-3,4.6875,False
2021-05-14,2021-05-12,-2,3.82431,False
2021-05-14,2021-05-13,-1,4.90486,False
2021-05-14,2021-05-14,0,11.56181,True
2021-05-14,2021-05-16,2,8.61389,False
2021-05-14,2021-05-17,3,7.1625,False
2021-05-14,2021-05-18,4,7.06736,False
2021-05-14,2021-05-19,5,8.14861,False
2021-05-14,2021-05-20,6,7.70486,False
2021-05-14,2021-05-21,7,6.95903,False
2021-05-15,2021-05-08,-7,6.075,False
2021-05-15,2021-05-09,-6,5.77292,False
2021-05-15,2021-05-10,-5,4.19514,False
2021-05-15,2021-05-11,-4,4.6875,False
2021-05-15,2021-05-12,-3,3.82431,False
2021-05-15,2021-05-13,-2,4.90486,False
2021-05-15,2021-05-15,0,14.64861,True
2021-05-15,2021-05-16,1,8.61389,False
2021-05-15,2021-05-17,2,7.1625,False
2021-05-15,2021-05-18,3,7.06736,False
2021-05-15,2021-05-19,4,8.14861,False
2021-05-15,2021-05-20,5,7.70486,False
2021-05-15,2021-05-21,6,6.95903,False
2021-05-15,2021-05-22,7,5.27014,False
2021-05-27,2021-05-20,-7,7.70486,False
2021-05-27,2021-05-21,-6,6.95903,False
2021-05-27,2021-05-22,-5,5.27014,False
2021-05-27,2021-05-23,-4,2.59514,False
2021-05-27,2021-05-24,-3,1.89514,False
2021-05-27,2021-05-25,-2,3.48125,False
2021-05-27,2021-05-26,-1,3.48056,False
2021-05-27,2021-05-27,0,13.72847,True
2021-05-27,2021-05-29,2,5.62986,False
2021-05-27,2021-05-30,3,6.42431,False
2021-05-27,2021-05-31,4,7.74722,False
2021-05-27,2021-06-01,5,8.41736,False
2021-05-28,2021-05-21,-7,6.95903,False
2021-05-28,2021-05-22,-6,5.27014,False
2021-05-28,2021-05-23,-5,2.59514,False
2021-05-28,2021-05-24,-4,1.89514,False
2021-05-28,2021-05-25,-3,3.48125,False
2021-05-28,2021-05-26,-2,3.48056,False
2021-05-28,2021-05-28,0,24.66319,True
2021-05-28,2021-05-29,1,5.62986,False
2021-05-28,2021-05-30,2,6.42431,False
2021-05-28,2021-05-31,3,7.74722,False
2021-05-28,2021-06-01,4,8.41736,False
2021-06-02,2021-05-26,-7,3.48056,False
2021-06-02,2021-05-29,-4,5.62986,False
2021-06-02,2021-05-30,-3,6.42431,False
2021-06-02,2021-05-31,-2,7.74722,False
2021-06-02,2021-06-01,-1,8.41736,False
2021-06-02,2021-06-02,0,19.70625,True
2021-06-02,2021-06-05,3,9.88819,False
2021-06-02,2021-06-06,4,4.15069,False
2021-06-02,2021-06-07,5,5.15625,False
2021-06-02,2021-06-08,6,3.51042,False
2021-06-02,2021-06-09,7,7.36806,False
2021-06-03,2021-05-29,-5,5.62986,False
2021-06-03,2021-05-30,-4,6.42431,False
2021-06-03,2021-05-31,-3,7.74722,False
2021-06-03,2021-06-01,-2,8.41736,False
2021-06-03,2021-06-03,0,15.25764,True
2021-06-03,2021-06-05,2,9.88819,False
2021-06-03,2021-06-06,3,4.15069,False
2021-06-03,2021-06-07,4,5.15625,False
2021-06-03,2021-06-08,5,3.51042,False
2021-06-03,2021-06-09,6,7.36806,False
2021-06-04,2021-05-29,-6,5.62986,False
2021-06-04,2021-05-30,-5,6.42431,False
2021-06-04,2021-05-31,-4,7.74722,False
2021-06-04,2021-06-01,-3,8.41736,False
2021-06-04,2021-06-04,0,12.21042,True
2021-06-04,2021-06-05,1,9.88819,False
2021-06-04,2021-06-06,2,4.15069,False
2021-06-04,2021-06-07,3,5.15625,False
2021-06-04,2021-06-08,4,3.51042,False
2021-06-04,2021-06-09,5,7.36806,False
2021-06-10,2021-06-05,-5,9.88819,False
2021-06-10,2021-06-06,-4,4.15069,False
2021-06-10,2021-06-07,-3,5.15625,False
2021-06-10,2021-06-08,-2,3.51042,False
2021-06-10,2021-06-09,-1,7.36806,False
2021-06-10,2021-06-10,0,12.91319,True
2021-06-10,2021-06-13,3,8.13134,False
2021-06-10,2021-06-15,5,4.74306,False
2021-06-10,2021-06-16,6,6.51806,False
2021-06-10,2021-06-17,7,9.67847,False
2021-06-11,2021-06-05,-6,9.88819,False
2021-06-11,2021-06-06,-5,4.15069,False
2021-06-11,2021-06-07,-4,5.15625,False
2021-06-11,2021-06-08,-3,3.51042,False
2021-06-11,2021-06-09,-2,7.36806,False
2021-06-11,2021-06-11,0,16.07986,True
2021-06-11,2021-06-13,2,8.13134,False
2021-06-11,2021-06-15,4,4.74306,False
2021-06-11,2021-06-16,5,6.51806,False
2021-06-11,2021-06-17,6,9.67847,False
2021-06-12,2021-06-05,-7,9.88819,False
2021-06-12,2021-06-06,-6,4.15069,False
2021-06-12,2021-06-07,-5,5.15625,False
2021-06-12,2021-06-08,-4,3.51042,False
2021-06-12,2021-06-09,-3,7.36806,False
2021-06-12,2021-06-12,0,13.96597,True
2021-06-12,2021-06-13,1,8.13134,False
2021-06-12,2021-06-15,3,4.74306,False
2021-06-12,2021-06-16,4,6.51806,False
2021-06-12,2021-06-17,5,9.67847,False
2021-06-12,2021-06-19,7,5.75833,False
2021-06-18,2021-06-13,-5,8.13134,False
2021-06-18,2021-06-15,-3,4.74306,False
2021-06-18,2021-06-16,-2,6.51806,False
2021-06-18,2021-06-17,-1,9.67847,False
2021-06-18,2021-06-18,0,13.23958,True
2021-06-18,2021-06-19,1,5.75833,False
2021-06-18,2021-06-20,2,3.89236,False
2021-06-18,2021-06-21,3,3.02292,False
2021-06-18,2021-06-22,4,2.275,False
2021-06-18,2021-06-25,7,8.02222,False
2021-06-23,2021-06-16,-7,6.51806,False
2021-06-23,2021-06-17,-6,9.67847,False
2021-06-23,2021-06-19,-4,5.75833,False
2021-06-23,2021-06-20,-3,3.89236,False
2021-06-23,2021-06-21,-2,3.02292,False
2021-06-23,2021-06-22,-1,2.275,False
2021-06-23,2021-06-23,0,13.96667,True
2021-06-23,2021-06-25,2,8.02222,False
2021-06-23,2021-06-26,3,6.18681,False
2021-06-23,2021-06-27,4,3.66111,False
2021-06-23,2021-06-28,5,7.92569,False
2021-06-23,2021-06-29,6,4.85139,False
2021-06-23,2021-06-30,7,10.38403,False
2021-06-24,2021-06-17,-7,9.67847,False
2021-06-24,2021-06-19,-5,5.75833,False
2021-06-24,2021-06-20,-4,3.89236,False
2021-06-24,2021-06-21,-3,3.02292,False
2021-06-24,2021-06-22,-2,2.275,False
2021-06-24,2021-06-24,0,14.87222,True
2021-06-24,2021-06-25,1,8.02222,False
2021-06-24,2021-06-26,2,6.18681,False
2021-06-24,2021-06-27,3,3.66111,False
2021-06-24,2021-06-28,4,7.92569,False
2021-06-24,2021-06-29,5,4.85139,False
2021-06-24,2021-06-30,6,10.38403,False
2021-07-01,2021-06-25,-6,8.02222,False
2021-07-01,2021-06-26,-5,6.18681,False
2021-07-01,2021-06-27,-4,3.66111,False
2021-07-01,2021-06-28,-3,7.92569,False
2021-07-01,2021-06-29,-2,4.85139,False
2021-07-01,2021-06-30,-1,10.38403,False
2021-07-01,2021-07-01,0,16.89028,True
2021-07-01,2021-07-06,5,8.76944,False
2021-07-01,2021-07-07,6,6.68681,False
2021-07-01,2021-07-08,7,5.57361,False
2021-07-02,2021-06-25,-7,8.02222,False
2021-07-02,2021-06-26,-6,6.18681,False
2021-07-02,2021-06-27,-5,3.66111,False
2021-07-02,2021-06-28,-4,7.92569,False
2021-07-02,2021-06-29,-3,4.85139,False
2021-07-02,2021-06-30,-2,10.38403,False
2021-07-02,2021-07-02,0,13.91667,True
2021-07-02,2021-07-06,4,8.76944,False
2021-07-02,2021-07-07,5,6.68681,False
2021-07-02,2021-07-08,6,5.57361,False
2021-07-02,2021-07-09,7,5.77847,False
2021-07-03,2021-06-26,-7,6.18681,False
2021-07-03,2021-06-27,-6,3.66111,False
2021-07-03,2021-06-28,-5,7.92569,False
2021-07-03,2021-06-29,-4,4.85139,False
2021-07-03,2021-06-30,-3,10.38403,False
2021-07-03,2021-07-03,0,18.425,True
2021-07-03,2021-07-06,3,8.76944,False
2021-07-03,2021-07-07,4,6.68681,False
2021-07-03,2021-07-08,5,5.57361,False
2021-07-03,2021-07-09,6,5.77847,False
2021-07-03,2021-07-10,7,8.73125,False
2021-07-04,2021-06-27,-7,3.66111,False
2021-07-04,2021-06-28,-6,7.92569,False
2021-07-04,2021-06-29,-5,4.85139,False
2021-07-04,2021-06-30,-4,10.38403,False
2021-07-04,2021-07-04,0,26.48264,True
2021-07-04,2021-07-06,2,8.76944,False
2021-07-04,2021-07-07,3,6.68681,False
2021-07-04,2021-07-08,4,5.57361,False
2021-07-04,2021-07-09,5,5.77847,False
2021-07-04,2021-07-10,6,8.73125,False
2021-07-04,2021-07-11,7,7.27569,False
2021-07-05,2021-06-28,-7,7.92569,False
2021-07-05,2021-06-29,-6,4.85139,False
2021-07-05,2021-06-30,-5,10.38403,False
2021-07-05,2021-07-05,0,18.40486,True
2021-07-05,2021-07-06,1,8.76944,False
2021-07-05,2021-07-07,2,6.68681,False
2021-07-05,2021-07-08,3,5.57361,False
2021-07-05,2021-07-09,4,5.77847,False
2021-07-05,2021-07-10,5,8.73125,False
2021-07-05,2021-07-11,6,7.27569,False
2021-07-05,2021-07-12,7,3.69028,False
2021-07-14,2021-07-07,-7,6.68681,False
2021-07-14,2021-07-08,-6,5.57361,False
2021-07-14,2021-07-09,-5,5.77847,False
2021-07-14,2021-07-10,-4,8.73125,False
2021-07-14,2021-07-11,-3,7.27569,False
2021-07-14,2021-07-12,-2,3.69028,False
2021-07-14,2021-07-13,-1,3.48056,False
2021-07-14,2021-07-14,0,13.52986,True
2021-07-14,2021-07-15,1,9.68889,False
2021-07-14,2021-07-16,2,5.62708,False
2021-07-14,2021-07-17,3,8.28264,False
2021-07-14,2021-07-18,4,10.12153,False
2021-07-14,2021-07-19,5,6.39167,False
2021-07-14,2021-07-20,6,10.80694,False
2021-07-14,2021-07-21,7,9.22986,False
2021-07-23,2021-07-16,-7,5.62708,False
2021-07-23,2021-07-17,-6,8.28264,False
2021-07-23,2021-07-18,-5,10.12153,False
2021-07-23,2021-07-19,-4,6.39167,False
2021-07-23,2021-07-20,-3,10.80694,False
2021-07-23,2021-07-21,-2,9.22986,False
2021-07-23,2021-07-22,-1,8.63403,False
2021-07-23,2021-07-23,0,13.89792,True
2021-07-23,2021-07-24,1,8.89861,False
2021-07-23,2021-07-25,2,7.67569,False
2021-08-15,2021-08-13,-2,8.99993,False
2021-08-15,2021-08-14,-1,7.12264,False
2021-08-15,2021-08-15,0,11.35486,True
2021-08-15,2021-08-16,1,5.48507,False
2021-08-15,2021-08-17,2,6.44215,False
2021-08-15,2021-08-18,3,7.42049,False
2021-08-15,2021-08-19,4,6.60861,False
2021-08-15,2021-08-20,5,8.36688,False
2021-08-15,2021-08-21,6,7.14979,False
2021-08-15,2021-08-22,7,5.77292,False
2021-08-25,2021-08-18,-7,7.42049,False
2021-08-25,2021-08-19,-6,6.60861,False
2021-08-25,2021-08-20,-5,8.36688,False
2021-08-25,2021-08-21,-4,7.14979,False
2021-08-25,2021-08-22,-3,5.77292,False
2021-08-25,2021-08-23,-2,6.27563,False
2021-08-25,2021-08-24,-1,5.88069,False
2021-08-25,2021-08-25,0,13.57625,True
2021-08-25,2021-08-27,2,4.23486,False
2021-08-25,2021-08-28,3,3.50458,False
2021-08-25,2021-08-29,4,5.12674,False
2021-08-25,2021-08-30,5,4.22174,False
2021-08-25,2021-08-31,6,1.72201,False
2021-08-25,2021-09-01,7,4.725,False
2021-08-26,2021-08-19,-7,6.60861,False
2021-08-26,2021-08-20,-6,8.36688,False
2021-08-26,2021-08-21,-5,7.14979,False
2021-08-26,2021-08-22,-4,5.77292,False
2021-08-26,2021-08-23,-3,6.27563,False
2021-08-26,2021-08-24,-2,5.88069,False
2021-08-26,2021-08-26,0,12.54861,True
2021-08-26,2021-08-27,1,4.23486,False
2021-08-26,2021-08-28,2,3.50458,False
2021-08-26,2021-08-29,3,5.12674,False
2021-08-26,2021-08-30,4,4.22174,False
2021-08-26,2021-08-31,5,1.72201,False
2021-08-26,2021-09-01,6,4.725,False
2021-08-26,2021-09-02,7,5.78917,False
2022-05-03,2022-04-26,-7,9.56806,False
2022-05-03,2022-04-27,-6,6.95556,False
2022-05-03,2022-04-28,-5,5.90347,False
2022-05-03,2022-04-29,-4,8.53056,False
2022-05-03,2022-04-30,-3,7.55764,False
2022-05-03,2022-05-01,-2,6.54514,False
2022-05-03,2022-05-02,-1,9.63056,False
2022-05-03,2022-05-03,0,11.68056,True
2022-05-03,2022-05-04,1,11.12986,False
2022-05-03,2022-05-05,2,9.60139,False
2022-05-03,2022-05-09,6,6.20278,False
2022-05-03,2022-05-10,7,4.00139,False
2022-05-06,2022-04-29,-7,8.53056,False
2022-05-06,2022-04-30,-6,7.55764,False
2022-05-06,2022-05-01,-5,6.54514,False
2022-05-06,2022-05-02,-4,9.63056,False
2022-05-06,2022-05-04,-2,11.12986,False
2022-05-06,2022-05-05,-1,9.60139,False
2022-05-06,2022-05-06,0,15.95833,True
2022-05-06,2022-05-09,3,6.20278,False
2022-05-06,2022-05-10,4,4.00139,False
2022-05-06,2022-05-11,5,3.88889,False
2022-05-07,2022-04-30,-7,7.55764,False
2022-05-07,2022-05-01,-6,6.54514,False
2022-05-07,2022-05-02,-5,9.63056,False
2022-05-07,2022-05-04,-3,11.12986,False
2022-05-07,2022-05-05,-2,9.60139,False
2022-05-07,2022-05-07,0,14.71736,True
2022-05-07,2022-05-09,2,6.20278,False
2022-05-07,2022-05-10,3,4.00139,False
2022-05-07,2022-05-11,4,3.88889,False
2022-05-07,2022-05-14,7,9.97708,False
2022-05-08,2022-05-01,-7,6.54514,False
2022-05-08,2022-05-02,-6,9.63056,False
2022-05-08,2022-05-04,-4,11.12986,False
2022-05-08,2022-05-05,-3,9.60139,False
2022-05-08,2022-05-08,0,18.74653,True
2022-05-08,2022-05-09,1,6.20278,False
2022-05-08,2022-05-10,2,4.00139,False
2022-05-08,2022-05-11,3,3.88889,False
2022-05-08,2022-05-14,6,9.97708,False
2022-05-08,2022-05-15,7,8.0375,False
2022-05-12,2022-05-05,-7,9.60139,False
2022-05-12,2022-05-09,-3,6.20278,False
2022-05-12,2022-05-10,-2,4.00139,False
2022-05-12,2022-05-11,-1,3.88889,False
2022-05-12,2022-05-12,0,13.32569,True
2022-05-12,2022-05-14,2,9.97708,False
2022-05-12,2022-05-15,3,8.0375,False
2022-05-12,2022-05-16,4,6.52847,False
2022-05-12,2022-05-17,5,5.05069,False
2022-05-12,2022-05-18,6,4.29514,False
2022-05-12,2022-05-19,7,6.83542,False
2022-05-13,2022-05-09,-4,6.20278,False
2022-05-13,2022-05-10,-3,4.00139,False
2022-05-13,2022-05-11,-2,3.88889,False
2022-05-13,2022-05-13,0,14.55347,True
2022-05-13,2022-05-14,1,9.97708,False
2022-05-13,2022-05-15,2,8.0375,False
2022-05-13,2022-05-16,3,6.52847,False
2022-05-13,2022-05-17,4,5.05069,False
2022-05-13,2022-05-18,5,4.29514,False
2022-05-13,2022-05-19,6,6.83542,False
2022-05-13,2022-05-20,7,7.67569,False
2022-05-23,2022-05-16,-7,6.52847,False
2022-05-23,2022-05-17,-6,5.05069,False
2022-05-23,2022-05-18,-5,4.29514,False
2022-05-23,2022-05-19,-4,6.83542,False
2022-05-23,2022-05-20,-3,7.67569,False
2022-05-23,2022-05-21,-2,7.32431,False
2022-05-23,2022-05-22,-1,7.89167,False
2022-05-23,2022-05-23,0,11.94792,True
2022-05-23,2022-05-25,2,8.79375,False
2022-05-23,2022-05-29,6,7.68403,False
2022-05-23,2022-05-30,7,4.05069,False
2022-05-24,2022-05-17,-7,5.05069,False
2022-05-24,2022-05-18,-6,4.29514,False
2022-05-24,2022-05-19,-5,6.83542,False
2022-05-24,2022-05-20,-4,7.67569,False
2022-05-24,2022-05-21,-3,7.32431,False
2022-05-24,2022-05-22,-2,7.89167,False
2022-05-24,2022-05-24,0,15.89583,True
2022-05-24,2022-05-25,1,8.79375,False
2022-05-24,2022-05-29,5,7.68403,False
2022-05-24,2022-05-30,6,4.05069,False
2022-05-24,2022-05-31,7,6.55903,False
2022-05-26,2022-05-19,-7,6.83542,False
2022-05-26,2022-05-20,-6,7.67569,False
2022-05-26,2022-05-21,-5,7.32431,False
2022-05-26,2022-05-22,-4,7.89167,False
2022-05-26,2022-05-25,-1,8.79375,False
2022-05-26,2022-05-26,0,13.00972,True
2022-05-26,2022-05-29,3,7.68403,False
2022-05-26,2022-05-30,4,4.05069,False
2022-05-26,2022-05-31,5,6.55903,False
2022-05-26,2022-06-01,6,9.44514,False
2022-05-26,2022-06-02,7,7.38333,False
2022-05-27,2022-05-20,-7,7.67569,False
2022-05-27,2022-05-21,-6,7.32431,False
2022-05-27,2022-05-22,-5,7.89167,False
2022-05-27,2022-05-25,-2,8.79375,False
2022-05-27,2022-05-27,0,14.18194,True
2022-05-27,2022-05-29,2,7.68403,False
2022-05-27,2022-05-30,3,4.05069,False
2022-05-27,2022-05-31,4,6.55903,False
2022-05-27,2022-06-01,5,9.44514,False
2022-05-27,2022-06-02,6,7.38333,False
2022-05-27,2022-06-03,7,9.80625,False
2022-05-28,2022-05-21,-7,7.32431,False
2022-05-28,2022-05-22,-6,7.89167,False
2022-05-28,2022-05-25,-3,8.79375,False
2022-05-28,2022-05-28,0,14.43542,True
2022-05-28,2022-05-29,1,7.68403,False
2022-05-28,2022-05-30,2,4.05069,False
2022-05-28,2022-05-31,3,6.55903,False
2022-05-28,2022-06-01,4,9.44514,False
2022-05-28,2022-06-02,5,7.38333,False
2022-05-28,2022-06-03,6,9.80625,False
2022-05-28,2022-06-04,7,8.6125,False
2022-06-23,2022-06-16,-7,8.05347,False
2022-06-23,2022-06-17,-6,6.05278,False
2022-06-23,2022-06-18,-5,8.36181,False
2022-06-23,2022-06-19,-4,2.48333,False
2022-06-23,2022-06-20,-3,2.51806,False
2022-06-23,2022-06-21,-2,4.58611,False
2022-06-23,2022-06-22,-1,6.35139,False
2022-06-23,2022-06-23,0,18.67986,True
2022-06-23,2022-06-24,1,7.79861,False
2022-06-23,2022-06-25,2,7.96319,False
2022-06-23,2022-06-26,3,10.68611,False
2022-06-23,2022-06-30,7,4.99306,False
2022-06-27,2022-06-20,-7,2.51806,False
2022-06-27,2022-06-21,-6,4.58611,False
2022-06-27,2022-06-22,-5,6.35139,False
2022-06-27,2022-06-24,-3,7.79861,False
2022-06-27,2022-06-25,-2,7.96319,False
2022-06-27,2022-06-26,-1,10.68611,False
2022-06-27,2022-06-27,0,16.9,True
2022-06-27,2022-06-30,3,4.99306,False
2022-06-27,2022-07-01,4,9.84792,False
2022-06-28,2022-06-21,-7,4.58611,False
2022-06-28,2022-06-22,-6,6.35139,False
2022-06-28,2022-06-24,-4,7.79861,False
2022-06-28,2022-06-25,-3,7.96319,False
2022-06-28,2022-06-26,-2,10.68611,False
2022-06-28,2022-06-28,0,18.51319,True
2022-06-28,2022-06-30,2,4.99306,False
2022-06-28,2022-07-01,3,9.84792,False
2022-06-29,2022-06-22,-7,6.35139,False
2022-06-29,2022-06-24,-5,7.79861,False
2022-06-29,2022-06-25,-4,7.96319,False
2022-06-29,2022-06-26,-3,10.68611,False
2022-06-29,2022-06-29,0,11.37153,True
2022-06-29,2022-06-30,1,4.99306,False
2022-06-29,2022-07-01,2,9.84792,False
2022-06-29,2022-07-06,7,5.84236,False
2022-07-02,2022-06-25,-7,7.96319,False
2022-07-02,2022-06-26,-6,10.68611,False
2022-07-02,2022-06-30,-2,4.99306,False
2022-07-02,2022-07-01,-1,9.84792,False
2022-07-02,2022-07-02,0,18.01528,True
2022-07-02,2022-07-06,4,5.84236,False
2022-07-02,2022-07-07,5,7.26111,False
2022-07-02,2022-07-08,6,3.36806,False
2022-07-03,2022-06-26,-7,10.68611,False
2022-07-03,2022-06-30,-3,4.99306,False
2022-07-03,2022-07-01,-2,9.84792,False
2022-07-03,2022-07-03,0,13.07222,True
2022-07-03,2022-07-06,3,5.84236,False
2022-07-03,2022-07-07,4,7.26111,False
2022-07-03,2022-07-08,5,3.36806,False
2022-07-03,2022-07-10,7,7.17292,False
2022-07-04,2022-06-30,-4,4.99306,False
2022-07-04,2022-07-01,-3,9.84792,False
2022-07-04,2022-07-04,0,18.25625,True
2022-07-04,2022-07-06,2,5.84236,False
2022-07-04,2022-07-07,3,7.26111,False
2022-07-04,2022-07-08,4,3.36806,False
2022-07-04,2022-07-10,6,7.17292,False
2022-07-04,2022-07-11,7,2.80278,False
2022-07-05,2022-06-30,-5,4.99306,False
2022-07-05,2022-07-01,-4,9.84792,False
2022-07-05,2022-07-05,0,15.54375,True
2022-07-05,2022-07-06,1,5.84236,False
2022-07-05,2022-07-07,2,7.26111,False
2022-07-05,2022-07-08,3,3.36806,False
2022-07-05,2022-07-10,5,7.17292,False
2022-07-05,2022-07-11,6,2.80278,False
2022-07-05,2022-07-12,7,3.55,False
2022-07-09,2022-07-06,-3,5.84236,False
2022-07-09,2022-07-07,-2,7.26111,False
2022-07-09,2022-07-08,-1,3.36806,False
2022-07-09,2022-07-09,0,12.22014,True
2022-07-09,2022-07-10,1,7.17292,False
2022-07-09,2022-07-11,2,2.80278,False
2022-07-09,2022-07-12,3,3.55,False
2022-07-09,2022-07-13,4,6.925,False
2022-07-09,2022-07-14,5,5.82083,False
2022-07-09,2022-07-15,6,5.48681,False
2022-07-16,2022-07-10,-6,7.17292,False
2022-07-16,2022-07-11,-5,2.80278,False
2022-07-16,2022-07-12,-4,3.55,False
2022-07-16,2022-07-13,-3,6.925,False
2022-07-16,2022-07-14,-2,5.82083,False
2022-07-16,2022-07-15,-1,5.48681,False
2022-07-16,2022-07-16,0,17.15145,True
2022-07-16,2022-07-19,3,5.74653,False
2022-07-16,2022-07-20,4,5.85556,False
2022-07-16,2022-07-21,5,3.83819,False
2022-07-16,2022-07-22,6,5.62222,False
2022-07-16,2022-07-23,7,9.08472,False
2022-07-17,2022-07-10,-7,7.17292,False
2022-07-17,2022-07-11,-6,2.80278,False
2022-07-17,2022-07-12,-5,3.55,False
2022-07-17,2022-07-13,-4,6.925,False
2022-07-17,2022-07-14,-3,5.82083,False
2022-07-17,2022-07-15,-2,5.48681,False
2022-07-17,2022-07-17,0,18.80417,True
2022-07-17,2022-07-19,2,5.74653,False
2022-07-17,2022-07-20,3,5.85556,False
2022-07-17,2022-07-21,4,3.83819,False
2022-07-17,2022-07-22,5,5.62222,False
2022-07-17,2022-07-23,6,9.08472,False
2022-07-17,2022-07-24,7,4.75833,False
2022-07-18,2022-07-11,-7,2.80278,False
2022-07-18,2022-07-12,-6,3.55,False
2022-07-18,2022-07-13,-5,6.925,False
2022-07-18,2022-07-14,-4,5.82083,False
2022-07-18,2022-07-15,-3,5.48681,False
2022-07-18,2022-07-18,0,17.40972,True
2022-07-18,2022-07-19,1,5.74653,False
2022-07-18,2022-07-20,2,5.85556,False
2022-07-18,2022-07-21,3,3.83819,False
2022-07-18,2022-07-22,4,5.62222,False
2022-07-18,2022-07-23,5,9.08472,False
2022-07-18,2022-07-24,6,4.75833,False
2022-07-18,2022-07-25,7,2.90486,False
2022-08-01,2022-07-25,-7,2.90486,False
2022-08-01,2022-07-26,-6,4.47431,False
2022-08-01,2022-07-27,-5,7.89514,False
2022-08-01,2022-07-28,-4,6.27083,False
2022-08-01,2022-07-29,-3,11.14931,False
2022-08-01,2022-07-30,-2,6.1625,False
2022-08-01,2022-07-31,-1,7.29861,False
2022-08-01,2022-08-01,0,15.58889,True
2022-08-01,2022-08-02,1,10.49097,False
2022-08-01,2022-08-05,4,11.04583,False
2022-08-01,2022-08-07,6,5.71667,False
2022-08-01,2022-08-08,7,4.79583,False
2022-08-03,2022-07-27,-7,7.89514,False
2022-08-03,2022-07-28,-6,6.27083,False
2022-08-03,2022-07-29,-5,11.14931,False
2022-08-03,2022-07-30,-4,6.1625,False
2022-08-03,2022-07-31,-3,7.29861,False
2022-08-03,2022-08-02,-1,10.49097,False
2022-08-03,2022-08-03,0,13.00694,True
2022-08-03,2022-08-05,2,11.04583,False
2022-08-03,2022-08-07,4,5.71667,False
2022-08-03,2022-08-08,5,4.79583,False
2022-08-03,2022-08-09,6,3.07292,False
2022-08-03,2022-08-10,7,7.76042,False
2022-08-04,2022-07-28,-7,6.27083,False
2022-08-04,2022-07-29,-6,11.14931,False
2022-08-04,2022-07-30,-5,6.1625,False
2022-08-04,2022-07-31,-4,7.29861,False
2022-08-04,2022-08-02,-2,10.49097,False
2022-08-04,2022-08-04,0,12.01806,True
2022-08-04,2022-08-05,1,11.04583,False
2022-08-04,2022-08-07,3,5.71667,False
2022-08-04,2022-08-08,4,4.79583,False
2022-08-04,2022-08-09,5,3.07292,False
2022-08-04,2022-08-10,6,7.76042,False
2022-08-04,2022-08-11,7,3.26181,False
2022-08-06,2022-07-30,-7,6.1625,False
2022-08-06,2022-07-31,-6,7.29861,False
2022-08-06,2022-08-02,-4,10.49097,False
2022-08-06,2022-08-05,-1,11.04583,False
2022-08-06,2022-08-06,0,15.85347,True
2022-08-06,2022-08-07,1,5.71667,False
2022-08-06,2022-08-08,2,4.79583,False
2022-08-06,2022-08-09,3,3.07292,False
2022-08-06,2022-08-10,4,7.76042,False
2022-08-06,2022-08-11,5,3.26181,False
2022-08-06,2022-08-12,6,4.24375,False
2022-08-06,2022-08-13,7,9.4,False
2022-08-14,2022-08-07,-7,5.71667,False
2022-08-14,2022-08-08,-6,4.79583,False
2022-08-14,2022-08-09,-5,3.07292,False
2022-08-14,2022-08-10,-4,7.76042,False
2022-08-14,2022-08-11,-3,3.26181,False
2022-08-14,2022-08-12,-2,4.24375,False
2022-08-14,2022-08-13,-1,9.4,False
2022-08-14,2022-08-14,0,23.85833,True
2022-08-14,2022-08-16,2,6.64028,False
2022-08-14,2022-08-17,3,7.22222,False
2022-08-14,2022-08-18,4,6.87778,False
2022-08-14,2022-08-19,5,7.52014,False
2022-08-14,2022-08-20,6,4.37431,False
2022-08-14,2022-08-21,7,6.13958,False
2022-08-15,2022-08-08,-7,4.79583,False
2022-08-15,2022-08-09,-6,3.07292,False
2022-08-15,2022-08-10,-5,7.76042,False
2022-08-15,2022-08-11,-4,3.26181,False
2022-08-15,2022-08-12,-3,4.24375,False
2022-08-15,2022-08-13,-2,9.4,False
2022-08-15,2022-08-15,0,11.2375,True
2022-08-15,2022-08-16,1,6.64028,False
2022-08-15,2022-08-17,2,7.22222,False
2022-08-15,2022-08-18,3,6.87778,False
2022-08-15,2022-08-19,4,7.52014,False
2022-08-15,2022-08-20,5,4.37431,False
2022-08-15,2022-08-21,6,6.13958,False
2022-08-15,2022-08-22,7,5.48472,False
2023-05-13,2023-05-06,-7,6.56931,False
2023-05-13,2023-05-07,-6,4.85462,False
2023-05-13,2023-05-08,-5,4.38311,False
2023-05-13,2023-05-09,-4,3.60449,False
2023-05-13,2023-05-10,-3,5.24424,False
2023-05-13,2023-05-11,-2,5.30357,False
2023-05-13,2023-05-12,-1,9.48767,False
2023-05-13,2023-05-13,0,16.46513,True
2023-05-13,2023-05-15,2,10.03393,False
2023-05-13,2023-05-18,5,7.04113,False
2023-05-13,2023-05-19,6,5.7867,False
2023-05-13,2023-05-20,7,8.18815,False
2023-05-14,2023-05-07,-7,4.85462,False
2023-05-14,2023-05-08,-6,4.38311,False
2023-05-14,2023-05-09,-5,3.60449,False
2023-05-14,2023-05-10,-4,5.24424,False
2023-05-14,2023-05-11,-3,5.30357,False
2023-05-14,2023-05-12,-2,9.48767,False
2023-05-14,2023-05-14,0,13.90402,True
2023-05-14,2023-05-15,1,10.03393,False
2023-05-14,2023-05-18,4,7.04113,False
2023-05-14,2023-05-19,5,5.7867,False
2023-05-14,2023-05-20,6,8.18815,False
2023-05-14,2023-05-21,7,7.37809,False
2023-05-16,2023-05-09,-7,3.60449,False
2023-05-16,2023-05-10,-6,5.24424,False
2023-05-16,2023-05-11,-5,5.30357,False
2023-05-16,2023-05-12,-4,9.48767,False
2023-05-16,2023-05-15,-1,10.03393,False
2023-05-16,2023-05-16,0,12.89755,True
2023-05-16,2023-05-18,2,7.04113,False
2023-05-16,2023-05-19,3,5.7867,False
2023-05-16,2023-05-20,4,8.18815,False
2023-05-16,2023-05-21,5,7.37809,False
2023-05-16,2023-05-22,6,4.60939,False
2023-05-16,2023-05-23,7,4.19688,False
2023-05-17,2023-05-10,-7,5.24424,False
2023-05-17,2023-05-11,-6,5.30357,False
2023-05-17,2023-05-12,-5,9.48767,False
2023-05-17,2023-05-15,-2,10.03393,False
2023-05-17,2023-05-17,0,21.84742,True
2023-05-17,2023-05-18,1,7.04113,False
2023-05-17,2023-05-19,2,5.7867,False
2023-05-17,2023-05-20,3,8.18815,False
2023-05-17,2023-05-21,4,7.37809,False
2023-05-17,2023-05-22,5,4.60939,False
2023-05-17,2023-05-23,6,4.19688,False
2023-05-17,2023-05-24,7,10.49209,False
2023-05-25,2023-05-18,-7,7.04113,False
2023-05-25,2023-05-19,-6,5.7867,False
2023-05-25,2023-05-20,-5,8.18815,False
2023-05-25,2023-05-21,-4,7.37809,False
2023-05-25,2023-05-22,-3,4.60939,False
2023-05-25,2023-05-23,-2,4.19688,False
2023-05-25,2023-05-24,-1,10.49209,False
2023-05-25,2023-05-25,0,13.183,True
2023-05-25,2023-05-28,3,6.62409,False
2023-05-25,2023-05-29,4,6.41079,False
2023-05-25,2023-05-30,5,7.68506,False
2023-05-25,2023-05-31,6,6.93995,False
2023-05-25,2023-06-01,7,9.97741,False
2023-05-26,2023-05-19,-7,5.7867,False
2023-05-26,2023-05-20,-6,8.18815,False
2023-05-26,2023-05-21,-5,7.37809,False
2023-05-26,2023-05-22,-4,4.60939,False
2023-05-26,2023-05-23,-3,4.19688,False
2023-05-26,2023-05-24,-2,10.49209,False
2023-05-26,2023-05-26,0,25.32425,True
2023-05-26,2023-05-28,2,6.62409,False
2023-05-26,2023-05-29,3,6.41079,False
2023-05-26,2023-05-30,4,7.68506,False
2023-05-26,2023-05-31,5,6.93995,False
2023-05-26,2023-06-01,6,9.97741,False
2023-05-26,2023-06-02,7,9.85575,False
2023-05-27,2023-05-20,-7,8.18815,False
2023-05-27,2023-05-21,-6,7.37809,False
2023-05-27,2023-05-22,-5,4.60939,False
2023-05-27,2023-05-23,-4,4.19688,False
2023-05-27,2023-05-24,-3,10.49209,False
2023-05-27,2023-05-27,0,11.55557,True
2023-05-27,2023-05-28,1,6.62409,False
2023-05-27,2023-05-29,2,6.41079,False
2023-05-27,2023-05-30,3,7.68506,False
2023-05-27,2023-05-31,4,6.93995,False
2023-05-27,2023-06-01,5,9.97741,False
2023-05-27,2023-06-02,6,9.85575,False
2023-06-03,2023-05-28,-6,6.62409,False
2023-06-03,2023-05-29,-5,6.41079,False
2023-06-03,2023-05-30,-4,7.68506,False
2023-06-03,2023-05-31,-3,6.93995,False
2023-06-03,2023-06-01,-2,9.97741,False
2023-06-03,2023-06-02,-1,9.85575,False
2023-06-03,2023-06-03,0,12.98128,True
2023-06-03,2023-06-05,2,3.87775,False
2023-06-03,2023-06-06,3,1.64389,False
2023-06-03,2023-06-07,4,2.06605,False
2023-06-03,2023-06-08,5,3.20937,False
2023-06-03,2023-06-09,6,4.70362,False
2023-06-04,2023-05-28,-7,6.62409,False
2023-06-04,2023-05-29,-6,6.41079,False
2023-06-04,2023-05-30,-5,7.68506,False
2023-06-04,2023-05-31,-4,6.93995,False
2023-06-04,2023-06-01,-3,9.97741,False
2023-06-04,2023-06-02,-2,9.85575,False
2023-06-04,2023-06-04,0,12.00373,True
2023-06-04,2023-06-05,1,3.87775,False
2023-06-04,2023-06-06,2,1.64389,False
2023-06-04,2023-06-07,3,2.06605,False
2023-06-04,2023-06-08,4,3.20937,False
2023-06-04,2023-06-09,5,4.70362,False
2023-06-10,2023-06-05,-5,3.87775,False
2023-06-10,2023-06-06,-4,1.64389,False
2023-06-10,2023-06-07,-3,2.06605,False
2023-06-10,2023-06-08,-2,3.20937,False
2023-06-10,2023-06-09,-1,4.70362,False
2023-06-10,2023-06-10,0,11.38197,True
2023-06-10,2023-06-16,6,8.28421,False
2023-06-10,2023-06-17,7,4.4829,False
2023-06-11,2023-06-05,-6,3.87775,False
2023-06-11,2023-06-06,-5,1.64389,False
2023-06-11,2023-06-07,-4,2.06605,False
2023-06-11,2023-06-08,-3,3.20937,False
2023-06-11,2023-06-09,-2,4.70362,False
2023-06-11,2023-06-11,0,16.49837,True
2023-06-11,2023-06-16,5,8.28421,False
2023-06-11,2023-06-17,6,4.4829,False
2023-06-11,2023-06-18,7,4.73321,False
2023-06-12,2023-06-05,-7,3.87775,False
2023-06-12,2023-06-06,-6,1.64389,False
2023-06-12,2023-06-07,-5,2.06605,False
2023-06-12,2023-06-08,-4,3.20937,False
2023-06-12,2023-06-09,-3,4.70362,False
2023-06-12,2023-06-12,0,15.75954,True
2023-06-12,2023-06-16,4,8.28421,False
2023-06-12,2023-06-17,5,4.4829,False
2023-06-12,2023-06-18,6,4.73321,False
2023-06-12,2023-06-19,7,7.91902,False
2023-06-13,2023-06-06,-7,1.64389,False
2023-06-13,2023-06-07,-6,2.06605,False
2023-06-13,2023-06-08,-5,3.20937,False
2023-06-13,2023-06-09,-4,4.70362,False
2023-06-13,2023-06-13,0,11.62453,True
2023-06-13,2023-06-16,3,8.28421,False
2023-06-13,2023-06-17,4,4.4829,False
2023-06-13,2023-06-18,5,4.73321,False
2023-06-13,2023-06-19,6,7.91902,False
2023-06-13,2023-06-20,7,9.94134,False
2023-06-14,2023-06-07,-7,2.06605,False
2023-06-14,2023-06-08,-6,3.20937,False
2023-06-14,2023-06-09,-5,4.70362,False
2023-06-14,2023-06-14,0,22.55325,True
2023-06-14,2023-06-16,2,8.28421,False
2023-06-14,2023-06-17,3,4.4829,False
2023-06-14,2023-06-18,4,4.73321,False
2023-06-14,2023-06-19,5,7.91902,False
2023-06-14,2023-06-20,6,9.94134,False
2023-06-14,2023-06-21,7,7.51088,False
2023-06-15,2023-06-08,-7,3.20937,False
2023-06-15,2023-06-09,-6,4.70362,False
2023-06-15,2023-06-15,0,29.93374,True
2023-06-15,2023-06-16,1,8.28421,False
2023-06-15,2023-06-17,2,4.4829,False
2023-06-15,2023-06-18,3,4.73321,False
2023-06-15,2023-06-19,4,7.91902,False
2023-06-15,2023-06-20,5,9.94134,False
2023-06-15,2023-06-21,6,7.51088,False
2023-06-15,2023-06-22,7,4.07716,False
2023-07-06,2023-06-29,-7,7.48519,False
2023-07-06,2023-06-30,-6,6.39325,False
2023-07-06,2023-07-01,-5,7.49449,False
2023-07-06,2023-07-02,-4,7.51139,False
2023-07-06,2023-07-03,-3,10.29651,False
2023-07-06,2023-07-04,-2,11.10674,False
2023-07-06,2023-07-05,-1,7.66483,False
2023-07-06,2023-07-06,0,12.10515,True
2023-07-06,2023-07-08,2,5.78847,False
2023-07-06,2023-07-09,3,5.24211,False
2023-07-06,2023-07-10,4,6.00878,False
2023-07-06,2023-07-11,5,9.63614,False
2023-07-06,2023-07-12,6,8.23744,False
2023-07-06,2023-07-13,7,8.45323,False
2023-07-07,2023-06-30,-7,6.39325,False
2023-07-07,2023-07-01,-6,7.49449,False
2023-07-07,2023-07-02,-5,7.51139,False
2023-07-07,2023-07-03,-4,10.29651,False
2023-07-07,2023-07-04,-3,11.10674,False
2023-07-07,2023-07-05,-2,7.66483,False
2023-07-07,2023-07-07,0,13.13167,True
2023-07-07,2023-07-08,1,5.78847,False
2023-07-07,2023-07-09,2,5.24211,False
2023-07-07,2023-07-10,3,6.00878,False
2023-07-07,2023-07-11,4,9.63614,False
2023-07-07,2023-07-12,5,8.23744,False
2023-07-07,2023-07-13,6,8.45323,False
2023-07-14,2023-07-08,-6,5.78847,False
2023-07-14,2023-07-09,-5,5.24211,False
2023-07-14,2023-07-10,-4,6.00878,False
2023-07-14,2023-07-11,-3,9.63614,False
2023-07-14,2023-07-12,-2,8.23744,False
2023-07-14,2023-07-13,-1,8.45323,False
2023-07-14,2023-07-14,0,11.39043,True
2023-07-14,2023-07-16,2,10.06707,False
2023-07-14,2023-07-17,3,8.33519,False
2023-07-14,2023-07-18,4,8.90101,False
2023-07-14,2023-07-19,5,8.55816,False
2023-07-14,2023-07-20,6,5.34942,False
2023-07-14,2023-07-21,7,1.60859,False
2023-07-15,2023-07-08,-7,5.78847,False
2023-07-15,2023-07-09,-6,5.24211,False
2023-07-15,2023-07-10,-5,6.00878,False
2023-07-15,2023-07-11,-4,9.63614,False
2023-07-15,2023-07-12,-3,8.23744,False
2023-07-15,2023-07-13,-2,8.45323,False
2023-07-15,2023-07-15,0,12.02153,True
2023-07-15,2023-07-16,1,10.06707,False
2023-07-15,2023-07-17,2,8.33519,False
2023-07-15,2023-07-18,3,8.90101,False
2023-07-15,2023-07-19,4,8.55816,False
2023-07-15,2023-07-20,5,5.34942,False
2023-07-15,2023-07-21,6,1.60859,False
2023-07-15,2023-07-22,7,3.81762,False
2023-07-27,2023-07-20,-7,5.34942,False
2023-07-27,2023-07-21,-6,1.60859,False
2023-07-27,2023-07-22,-5,3.81762,False
2023-07-27,2023-07-23,-4,9.08661,False
2023-07-27,2023-07-24,-3,9.16584,False
2023-07-27,2023-07-25,-2,9.55692,False
2023-07-27,2023-07-26,-1,5.88728,False
2023-07-27,2023-07-27,0,12.50357,True
2023-07-27,2023-07-28,1,11.0092,False
2023-07-27,2023-08-01,5,7.31245,False
2023-07-27,2023-08-02,6,7.34247,False
2023-07-27,2023-08-03,7,7.58066,False
2023-07-29,2023-07-22,-7,3.81762,False
2023-07-29,2023-07-23,-6,9.08661,False
2023-07-29,2023-07-24,-5,9.16584,False
2023-07-29,2023-07-25,-4,9.55692,False
2023-07-29,2023-07-26,-3,5.88728,False
2023-07-29,2023-07-28,-1,11.0092,False
2023-07-29,2023-07-29,0,20.12794,True
2023-07-29,2023-08-01,3,7.31245,False
2023-07-29,2023-08-02,4,7.34247,False
2023-07-29,2023-08-03,5,7.58066,False
2023-07-30,2023-07-23,-7,9.08661,False
2023-07-30,2023-07-24,-6,9.16584,False
2023-07-30,2023-07-25,-5,9.55692,False
2023-07-30,2023-07-26,-4,5.88728,False
2023-07-30,2023-07-28,-2,11.0092,False
2023-07-30,2023-07-30,0,17.94359,True
2023-07-30,2023-08-01,2,7.31245,False
2023-07-30,2023-08-02,3,7.34247,False
2023-07-30,2023-08-03,4,7.58066,False
2023-07-31,2023-07-24,-7,9.16584,False
2023-07-31,2023-07-25,-6,9.55692,False
2023-07-31,2023-07-26,-5,5.88728,False
2023-07-31,2023-07-28,-3,11.0092,False
2023-07-31,2023-07-31,0,13.56619,True
2023-07-31,2023-08-01,1,7.31245,False
2023-07-31,2023-08-02,2,7.34247,False
2023-07-31,2023-08-03,3,7.58066,False
2023-07-31,2023-08-07,7,8.61788,False
2023-08-04,2023-07-28,-7,11.0092,False
2023-08-04,2023-08-01,-3,7.31245,False
2023-08-04,2023-08-02,-2,7.34247,False
2023-08-04,2023-08-03,-1,7.58066,False
2023-08-04,2023-08-04,0,14.92034,True
2023-08-04,2023-08-07,3,8.61788,False
2023-08-04,2023-08-08,4,6.67756,False
2023-08-04,2023-08-09,5,10.02022,False
2023-08-04,2023-08-10,6,6.34518,False
2023-08-04,2023-08-11,7,5.38414,False
2023-08-05,2023-08-01,-4,7.31245,False
2023-08-05,2023-08-02,-3,7.34247,False
2023-08-05,2023-08-03,-2,7.58066,False
2023-08-05,2023-08-05,0,17.14863,True
2023-08-05,2023-08-07,2,8.61788,False
2023-08-05,2023-08-08,3,6.67756,False
2023-08-05,2023-08-09,4,10.02022,False
2023-08-05,2023-08-10,5,6.34518,False
2023-08-05,2023-08-11,6,5.38414,False
2023-08-05,2023-08-12,7,10.4186,False
2023-08-06,2023-08-01,-5,7.31245,False
2023-08-06,2023-08-02,-4,7.34247,False
2023-08-06,2023-08-03,-3,7.58066,False
2023-08-06,2023-08-06,0,20.81398,True
2023-08-06,2023-08-07,1,8.61788,False
2023-08-06,2023-08-08,2,6.67756,False
2023-08-06,2023-08-09,3,10.02022,False
2023-08-06,2023-08-10,4,6.34518,False
2023-08-06,2023-08-11,5,5.38414,False
2023-08-06,2023-08-12,6,10.4186,False
2023-08-06,2023-08-13,7,8.6651,False
2023-08-18,2023-08-11,-7,5.38414,False
2023-08-18,2023-08-12,-6,10.4186,False
2023-08-18,2023-08-13,-5,8.6651,False
2023-08-18,2023-08-14,-4,7.51247,False
2023-08-18,2023-08-15,-3,6.23282,False
2023-08-18,2023-08-16,-2,7.47179,False
2023-08-18,2023-08-17,-1,7.87339,False
2023-08-18,2023-08-18,0,14.19082,True
2023-08-18,2023-08-20,2,5.67064,False
2023-08-18,2023-08-21,3,4.35579,False
2023-08-18,2023-08-22,4,6.59898,False
2023-08-18,2023-08-23,5,10.71481,False
2023-08-19,2023-08-12,-7,10.4186,False
2023-08-19,2023-08-13,-6,8.6651,False
2023-08-19,2023-08-14,-5,7.51247,False
2023-08-19,2023-08-15,-4,6.23282,False
2023-08-19,2023-08-16,-3,7.47179,False
2023-08-19,2023-08-17,-2,7.87339,False
2023-08-19,2023-08-19,0,13.48194,True
2023-08-19,2023-08-20,1,5.67064,False
2023-08-19,2023-08-21,2,4.35579,False
2023-08-19,2023-08-22,3,6.59898,False
2023-08-19,2023-08-23,4,10.71481,False
2023-08-24,2023-08-17,-7,7.87339,False
2023-08-24,2023-08-20,-4,5.67064,False
2023-08-24,2023-08-21,-3,4.35579,False
2023-08-24,2023-08-22,-2,6.59898,False
2023-08-24,2023-08-23,-1,10.71481,False
2023-08-24,2023-08-24,0,19.00538,True
2023-08-24,2023-08-27,3,9.2067,False
2023-08-24,2023-08-28,4,6.25172,False
2023-08-24,2023-08-29,5,6.21364,False
2023-08-24,2023-08-31,7,9.29759,False
2023-08-25,2023-08-20,-5,5.67064,False
2023-08-25,2023-08-21,-4,4.35579,False
2023-08-25,2023-08-22,-3,6.59898,False
2023-08-25,2023-08-23,-2,10.71481,False
2023-08-25,2023-08-25,0,23.32975,True
2023-08-25,2023-08-27,2,9.2067,False
2023-08-25,2023-08-28,3,6.25172,False
2023-08-25,2023-08-29,4,6.21364,False
2023-08-25,2023-08-31,6,9.29759,False
2023-08-26,2023-08-20,-6,5.67064,False
2023-08-26,2023-08-21,-5,4.35579,False
2023-08-26,2023-08-22,-4,6.59898,False
2023-08-26,2023-08-23,-3,10.71481,False
2023-08-26,2023-08-26,0,18.36402,True
2023-08-26,2023-08-27,1,9.2067,False
2023-08-26,2023-08-28,2,6.25172,False
2023-08-26,2023-08-29,3,6.21364,False
2023-08-26,2023-08-31,5,9.29759,False
2023-08-26,2023-09-02,7,9.88591,False
2023-08-30,2023-08-23,-7,10.71481,False
2023-08-30,2023-08-27,-3,9.2067,False
2023-08-30,2023-08-28,-2,6.25172,False
2023-08-30,2023-08-29,-1,6.21364,False
2023-08-30,2023-08-30,0,11.87908,True
2023-08-30,2023-08-31,1,9.29759,False
2023-08-30,2023-09-02,3,9.88591,False
2023-08-30,2023-09-03,4,5.53198,False
2023-08-30,2023-09-04,5,4.07046,False
2023-08-30,2023-09-05,6,3.80017,False
2023-08-30,2023-09-06,7,4.14763,False
2023-09-01,2023-08-27,-5,9.2067,False
2023-09-01,2023-08-28,-4,6.25172,False
2023-09-01,2023-08-29,-3,6.21364,False
2023-09-01,2023-08-31,-1,9.29759,False
2023-09-01,2023-09-01,0,11.40769,True
2023-09-01,2023-09-02,1,9.88591,False
2023-09-01,2023-09-03,2,5.53198,False
2023-09-01,2023-09-04,3,4.07046,False
2023-09-01,2023-09-05,4,3.80017,False
2023-09-01,2023-09-06,5,4.14763,False
2023-09-01,2023-09-07,6,7.08856,False
2023-09-01,2023-09-08,7,9.43324,False
2023-09-16,2023-09-09,-7,7.19046,False
2023-09-16,2023-09-10,-6,5.60111,False
2023-09-16,2023-09-11,-5,4.68266,False
2023-09-16,2023-09-12,-4,5.44185,False
2023-09-16,2023-09-13,-3,8.1868,False
2023-09-16,2023-09-14,-2,7.07743,False
2023-09-16,2023-09-15,-1,9.22156,False
2023-09-16,2023-09-16,0,12.09415,True
2023-09-16,2023-09-17,1,9.75088,False
2023-09-16,2023-09-20,4,10.8748,False
2023-09-16,2023-09-21,5,9.09921,False
2023-09-16,2023-09-22,6,7.84092,False
2023-09-16,2023-09-23,7,5.55667,False
2023-09-18,2023-09-11,-7,4.68266,False
2023-09-18,2023-09-12,-6,5.44185,False
2023-09-18,2023-09-13,-5,8.1868,False
2023-09-18,2023-09-14,-4,7.07743,False
2023-09-18,2023-09-15,-3,9.22156,False
2023-09-18,2023-09-17,-1,9.75088,False
2023-09-18,2023-09-18,0,14.6787,True
2023-09-18,2023-09-20,2,10.8748,False
2023-09-18,2023-09-21,3,9.09921,False
2023-09-18,2023-09-22,4,7.84092,False
2023-09-18,2023-09-23,5,5.55667,False
2023-09-18,2023-09-24,6,1.90035,False
2023-09-18,2023-09-25,7,1.02509,False
2023-09-19,2023-09-12,-7,5.44185,False
2023-09-19,2023-09-13,-6,8.1868,False
2023-09-19,2023-09-14,-5,7.07743,False
2023-09-19,2023-09-15,-4,9.22156,False
2023-09-19,2023-09-17,-2,9.75088,False
2023-09-19,2023-09-19,0,15.24387,True
2023-09-19,2023-09-20,1,10.8748,False
2023-09-19,2023-09-21,2,9.09921,False
2023-09-19,2023-09-22,3,7.84092,False
2023-09-19,2023-09-23,4,5.55667,False
2023-09-19,2023-09-24,5,1.90035,False
2023-09-19,2023-09-25,6,1.02509,False
2023-09-19,2023-09-26,7,2.3761,False
2024-05-04,2024-04-27,-7,6.84498,False
2024-05-04,2024-04-28,-6,9.86443,False
2024-05-04,2024-04-29,-5,4.91537,False
2024-05-04,2024-04-30,-4,3.59491,False
2024-05-04,2024-05-01,-3,4.89704,False
2024-05-04,2024-05-02,-2,4.601,False
2024-05-04,2024-05-03,-1,7.69164,False
2024-05-04,2024-05-04,0,11.72866,True
2024-05-04,2024-05-06,2,9.62167,False
2024-05-04,2024-05-07,3,4.83461,False
2024-05-04,2024-05-08,4,7.53888,False
2024-05-04,2024-05-09,5,4.99667,False
2024-05-04,2024-05-10,6,7.08675,False
2024-05-05,2024-04-28,-7,9.86443,False
2024-05-05,2024-04-29,-6,4.91537,False
2024-05-05,2024-04-30,-5,3.59491,False
2024-05-05,2024-05-01,-4,4.89704,False
2024-05-05,2024-05-02,-3,4.601,False
2024-05-05,2024-05-03,-2,7.69164,False
2024-05-05,2024-05-05,0,12.25634,True
2024-05-05,2024-05-06,1,9.62167,False
2024-05-05,2024-05-07,2,4.83461,False
2024-05-05,2024-05-08,3,7.53888,False
2024-05-05,2024-05-09,4,4.99667,False
2024-05-05,2024-05-10,5,7.08675,False
2024-05-11,2024-05-06,-5,9.62167,False
2024-05-11,2024-05-07,-4,4.83461,False
2024-05-11,2024-05-08,-3,7.53888,False
2024-05-11,2024-05-09,-2,4.99667,False
2024-05-11,2024-05-10,-1,7.08675,False
2024-05-11,2024-05-11,0,18.92178,True
2024-05-11,2024-05-13,2,10.7185,False
2024-05-11,2024-05-14,3,6.28185,False
2024-05-11,2024-05-15,4,5.34294,False
2024-05-11,2024-05-16,5,4.906,False
2024-05-11,2024-05-17,6,7.25818,False
2024-05-11,2024-05-18,7,10.30035,False
2024-05-12,2024-05-06,-6,9.62167,False
2024-05-12,2024-05-07,-5,4.83461,False
2024-05-12,2024-05-08,-4,7.53888,False
2024-05-12,2024-05-09,-3,4.99667,False
2024-05-12,2024-05-10,-2,7.08675,False
2024-05-12,2024-05-12,0,24.63151,True
2024-05-12,2024-05-13,1,10.7185,False
2024-05-12,2024-05-14,2,6.28185,False
2024-05-12,2024-05-15,3,5.34294,False
2024-05-12,2024-05-16,4,4.906,False
2024-05-12,2024-05-17,5,7.25818,False
2024-05-12,2024-05-18,6,10.30035,False
2024-05-12,2024-05-19,7,7.01319,False
2024-06-04,2024-05-28,-7,5.00152,False
2024-06-04,2024-05-29,-6,4.3253,False
2024-06-04,2024-05-30,-5,6.88466,False
2024-06-04,2024-05-31,-4,7.99242,False
2024-06-04,2024-06-01,-3,8.05904,False
2024-06-04,2024-06-02,-2,6.06471,False
2024-06-04,2024-06-03,-1,8.8613,False
2024-06-04,2024-06-04,0,11.84938,True
2024-06-04,2024-06-06,2,6.33983,False
2024-06-04,2024-06-07,3,9.94109,False
2024-06-04,2024-06-08,4,9.88489,False
2024-06-04,2024-06-09,5,5.28109,False
2024-06-04,2024-06-10,6,4.72245,False
2024-06-04,2024-06-11,7,10.37252,False
2024-06-05,2024-05-29,-7,4.3253,False
2024-06-05,2024-05-30,-6,6.88466,False
2024-06-05,2024-05-31,-5,7.99242,False
2024-06-05,2024-06-01,-4,8.05904,False
2024-06-05,2024-06-02,-3,6.06471,False
2024-06-05,2024-06-03,-2,8.8613,False
2024-06-05,2024-06-05,0,12.57694,True
2024-06-05,2024-06-06,1,6.33983,False
2024-06-05,2024-06-07,2,9.94109,False
2024-06-05,2024-06-08,3,9.88489,False
2024-06-05,2024-06-09,4,5.28109,False
2024-06-05,2024-06-10,5,4.72245,False
2024-06-05,2024-06-11,6,10.37252,False
2024-06-05,2024-06-12,7,10.09373,False
2024-06-28,2024-06-21,-7,8.95729,False
2024-06-28,2024-06-22,-6,7.70825,False
2024-06-28,2024-06-23,-5,6.34332,False
2024-06-28,2024-06-24,-4,8.43481,False
2024-06-28,2024-06-25,-3,3.76498,False
2024-06-28,2024-06-26,-2,2.56349,False
2024-06-28,2024-06-27,-1,10.38778,False
2024-06-28,2024-06-28,0,16.09452,True
2024-06-28,2024-06-30,2,7.53648,False
2024-06-28,2024-07-01,3,4.19301,False
2024-06-28,2024-07-02,4,6.01432,False
2024-06-28,2024-07-03,5,5.6192,False
2024-06-28,2024-07-04,6,7.58471,False
2024-06-29,2024-06-22,-7,7.70825,False
2024-06-29,2024-06-23,-6,6.34332,False
2024-06-29,2024-06-24,-5,8.43481,False
2024-06-29,2024-06-25,-4,3.76498,False
2024-06-29,2024-06-26,-3,2.56349,False
2024-06-29,2024-06-27,-2,10.38778,False
2024-06-29,2024-06-29,0,19.40039,True
2024-06-29,2024-06-30,1,7.53648,False
2024-06-29,2024-07-01,2,4.19301,False
2024-06-29,2024-07-02,3,6.01432,False
2024-06-29,2024-07-03,4,5.6192,False
2024-06-29,2024-07-04,5,7.58471,False
2024-07-05,2024-06-30,-5,7.53648,False
2024-07-05,2024-07-01,-4,4.19301,False
2024-07-05,2024-07-02,-3,6.01432,False
2024-07-05,2024-07-03,-2,5.6192,False
2024-07-05,2024-07-04,-1,7.58471,False
2024-07-05,2024-07-05,0,11.99784,True
2024-07-05,2024-07-08,3,7.84927,False
2024-07-06,2024-06-30,-6,7.53648,False
2024-07-06,2024-07-01,-5,4.19301,False
2024-07-06,2024-07-02,-4,6.01432,False
2024-07-06,2024-07-03,-3,5.6192,False
2024-07-06,2024-07-04,-2,7.58471,False
2024-07-06,2024-07-06,0,16.05216,True
2024-07-06,2024-07-08,2,7.84927,False
2024-07-06,2024-07-13,7,4.67459,False
2024-07-07,2024-06-30,-7,7.53648,False
2024-07-07,2024-07-01,-6,4.19301,False
2024-07-07,2024-07-02,-5,6.01432,False
2024-07-07,2024-07-03,-4,5.6192,False
2024-07-07,2024-07-04,-3,7.58471,False
2024-07-07,2024-07-07,0,22.66032,True
2024-07-07,2024-07-08,1,7.84927,False
2024-07-07,2024-07-13,6,4.67459,False
2024-07-07,2024-07-14,7,4.5698,False
2024-07-09,2024-07-02,-7,6.01432,False
2024-07-09,2024-07-03,-6,5.6192,False
2024-07-09,2024-07-04,-5,7.58471,False
2024-07-09,2024-07-08,-1,7.84927,False
2024-07-09,2024-07-09,0,12.422,True
2024-07-09,2024-07-13,4,4.67459,False
2024-07-09,2024-07-14,5,4.5698,False
2024-07-09,2024-07-15,6,3.05234,False
2024-07-09,2024-07-16,7,8.98222,False
2024-07-10,2024-07-03,-7,5.6192,False
2024-07-10,2024-07-04,-6,7.58471,False
2024-07-10,2024-07-08,-2,7.84927,False
2024-07-10,2024-07-10,0,16.02413,True
2024-07-10,2024-07-13,3,4.67459,False
2024-07-10,2024-07-14,4,4.5698,False
2024-07-10,2024-07-15,5,3.05234,False
2024-07-10,2024-07-16,6,8.98222,False
2024-07-10,2024-07-17,7,9.34314,False
2024-07-11,2024-07-04,-7,7.58471,False
2024-07-11,2024-07-08,-3,7.84927,False
2024-07-11,2024-07-11,0,16.70311,True
2024-07-11,2024-07-13,2,4.67459,False
2024-07-11,2024-07-14,3,4.5698,False
2024-07-11,2024-07-15,4,3.05234,False
2024-07-11,2024-07-16,5,8.98222,False
2024-07-11,2024-07-17,6,9.34314,False
2024-07-12,2024-07-08,-4,7.84927,False
2024-07-12,2024-07-12,0,13.47328,True
2024-07-12,2024-07-13,1,4.67459,False
2024-07-12,2024-07-14,2,4.5698,False
2024-07-12,2024-07-15,3,3.05234,False
2024-07-12,2024-07-16,4,8.98222,False
2024-07-12,2024-07-17,5,9.34314,False
2024-07-12,2024-07-19,7,7.23565,False
2024-07-18,2024-07-13,-5,4.67459,False
2024-07-18,2024-07-14,-4,4.5698,False
2024-07-18,2024-07-15,-3,3.05234,False
2024-07-18,2024-07-16,-2,8.98222,False
2024-07-18,2024-07-17,-1,9.34314,False
2024-07-18,2024-07-18,0,17.08246,True
2024-07-18,2024-07-19,1,7.23565,False
2024-07-18,2024-07-20,2,5.44224,False
2024-07-18,2024-07-21,3,5.82849,False
2024-07-18,2024-07-22,4,4.14007,False
2024-07-18,2024-07-23,5,6.82971,False
2024-07-18,2024-07-24,6,9.46685,False
2024-07-25,2024-07-19,-6,7.23565,False
2024-07-25,2024-07-20,-5,5.44224,False
2024-07-25,2024-07-21,-4,5.82849,False
2024-07-25,2024-07-22,-3,4.14007,False
2024-07-25,2024-07-23,-2,6.82971,False
2024-07-25,2024-07-24,-1,9.46685,False
2024-07-25,2024-07-25,0,13.10336,True
2024-07-25,2024-07-29,4,8.89978,False
2024-07-25,2024-07-30,5,2.92486,False
2024-07-25,2024-07-31,6,3.41029,False
2024-07-25,2024-08-01,7,3.02521,False
2024-07-26,2024-07-19,-7,7.23565,False
2024-07-26,2024-07-20,-6,5.44224,False
2024-07-26,2024-07-21,-5,5.82849,False
2024-07-26,2024-07-22,-4,4.14007,False
2024-07-26,2024-07-23,-3,6.82971,False
2024-07-26,2024-07-24,-2,9.46685,False
2024-07-26,2024-07-26,0,12.33745,True
2024-07-26,2024-07-29,3,8.89978,False
2024-07-26,2024-07-30,4,2.92486,False
2024-07-26,2024-07-31,5,3.41029,False
2024-07-26,2024-08-01,6,3.02521,False
2024-07-26,2024-08-02,7,2.39066,False
2024-07-27,2024-07-20,-7,5.44224,False
2024-07-27,2024-07-21,-6,5.82849,False
2024-07-27,2024-07-22,-5,4.14007,False
2024-07-27,2024-07-23,-4,6.82971,False
2024-07-27,2024-07-24,-3,9.46685,False
2024-07-27,2024-07-27,0,15.14179,True
2024-07-27,2024-07-29,2,8.89978,False
2024-07-27,2024-07-30,3,2.92486,False
2024-07-27,2024-07-31,4,3.41029,False
2024-07-27,2024-08-01,5,3.02521,False
2024-07-27,2024-08-02,6,2.39066,False
2024-07-27,2024-08-03,7,3.8607,False
2024-07-28,2024-07-21,-7,5.82849,False
2024-07-28,2024-07-22,-6,4.14007,False
2024-07-28,2024-07-23,-5,6.82971,False
2024-07-28,2024-07-24,-4,9.46685,False
2024-07-28,2024-07-28,0,16.41299,True
2024-07-28,2024-07-29,1,8.89978,False
2024-07-28,2024-07-30,2,2.92486,False
2024-07-28,2024-07-31,3,3.41029,False
2024-07-28,2024-08-01,4,3.02521,False
2024-07-28,2024-08-02,5,2.39066,False
2024-07-28,2024-08-03,6,3.8607,False
2024-07-28,2024-08-04,7,9.75731,False
2024-08-05,2024-07-29,-7,8.89978,False
2024-08-05,2024-07-30,-6,2.92486,False
2024-08-05,2024-07-31,-5,3.41029,False
2024-08-05,2024-08-01,-4,3.02521,False
2024-08-05,2024-08-02,-3,2.39066,False
2024-08-05,2024-08-03,-2,3.8607,False
2024-08-05,2024-08-04,-1,9.75731,False
2024-08-05,2024-08-05,0,17.46697,True
2024-08-05,2024-08-08,3,11.16688,False
2024-08-05,2024-08-09,4,5.84755,False
2024-08-05,2024-08-10,5,7.76556,False
2024-08-05,2024-08-11,6,6.60937,False
2024-08-05,2024-08-12,7,5.22267,False
2024-08-06,2024-07-30,-7,2.92486,False
2024-08-06,2024-07-31,-6,3.41029,False
2024-08-06,2024-08-01,-5,3.02521,False
2024-08-06,2024-08-02,-4,2.39066,False
2024-08-06,2024-08-03,-3,3.8607,False
2024-08-06,2024-08-04,-2,9.75731,False
2024-08-06,2024-08-06,0,23.27505,True
2024-08-06,2024-08-08,2,11.16688,False
2024-08-06,2024-08-09,3,5.84755,False
2024-08-06,2024-08-10,4,7.76556,False
2024-08-06,2024-08-11,5,6.60937,False
2024-08-06,2024-08-12,6,5.22267,False
2024-08-06,2024-08-13,7,5.5529,False
2024-08-07,2024-07-31,-7,3.41029,False
2024-08-07,2024-08-01,-6,3.02521,False
2024-08-07,2024-08-02,-5,2.39066,False
2024-08-07,2024-08-03,-4,3.8607,False
2024-08-07,2024-08-04,-3,9.75731,False
2024-08-07,2024-08-07,0,14.90118,True
2024-08-07,2024-08-08,1,11.16688,False
2024-08-07,2024-08-09,2,5.84755,False
2024-08-07,2024-08-10,3,7.76556,False
2024-08-07,2024-08-11,4,6.60937,False
2024-08-07,2024-08-12,5,5.22267,False
2024-08-07,2024-08-13,6,5.5529,False
2024-08-14,2024-08-08,-6,11.16688,False
2024-08-14,2024-08-09,-5,5.84755,False
2024-08-14,2024-08-10,-4,7.76556,False
2024-08-14,2024-08-11,-3,6.60937,False
2024-08-14,2024-08-12,-2,5.22267,False
2024-08-14,2024-08-13,-1,5.5529,False
2024-08-14,2024-08-14,0,12.57434,True
2024-08-14,2024-08-15,1,10.80811,False
2024-08-14,2024-08-16,2,4.26608,False
2024-08-14,2024-08-17,3,4.41333,False
2024-08-14,2024-08-18,4,4.83822,False
2024-08-14,2024-08-19,5,6.90369,False
2024-08-14,2024-08-20,6,6.07696,False
2024-08-14,2024-08-21,7,9.68699,False
2024-09-01,2024-08-25,-7,9.67996,False
2024-09-01,2024-08-26,-6,4.38298,False
2024-09-01,2024-08-27,-5,6.70464,False
2024-09-01,2024-08-28,-4,8.57721,False
2024-09-01,2024-08-29,-3,6.22925,False
2024-09-01,2024-08-30,-2,10.18287,False
2024-09-01,2024-08-31,-1,7.34087,False
2024-09-01,2024-09-01,0,11.91436,True
2024-09-01,2024-09-02,1,6.16347,False
2024-09-01,2024-09-03,2,7.38045,False
2024-09-01,2024-09-04,3,4.08979,False
2024-09-01,2024-09-05,4,4.58154,False
2024-09-01,2024-09-06,5,6.15131,False
2024-09-01,2024-09-07,6,7.59083,False
2024-09-01,2024-09-08,7,7.00464,False
